# Blender 4.0.2
# www.blender.org
mtllib pipes.mtl
o Prop_Pipes
v 2.820374 -0.600236 -6.297513
v 2.823806 0.137986 -6.126274
v 2.826840 0.137839 -6.175415
v 2.832971 0.137845 -6.173429
v 2.838613 0.137856 -6.169733
v 2.843085 0.137871 -6.164600
v 2.845936 0.137889 -6.158624
v 2.847083 0.137908 -6.152508
v 2.846714 0.137926 -6.146517
v 2.844727 0.137944 -6.140386
v 2.841031 0.137961 -6.134745
v 2.835898 0.137974 -6.130272
v 2.829922 0.137983 -6.127421
v 2.823806 0.137986 -6.126274
v 2.817815 0.137985 -6.126644
v 2.811684 0.137979 -6.128630
v 2.806043 0.137968 -6.132326
v 2.801571 0.137953 -6.137459
v 2.798720 0.137935 -6.143435
v 2.797572 0.137916 -6.149551
v 2.797942 0.137899 -6.155542
v 2.799928 0.137880 -6.161673
v 2.803624 0.137863 -6.167315
v 2.808757 0.137850 -6.171787
v 2.814733 0.137841 -6.174638
v 2.820850 0.137838 -6.175785
v 2.827236 0.034240 -6.176432
v 2.833367 0.034212 -6.174446
v 2.839008 0.034161 -6.170750
v 2.843480 0.034089 -6.165618
v 2.846331 0.034005 -6.159643
v 2.847479 0.033920 -6.153527
v 2.847109 0.033836 -6.147537
v 2.845123 0.033750 -6.141407
v 2.841427 0.033671 -6.135766
v 2.836294 0.033609 -6.131295
v 2.830318 0.033569 -6.128444
v 2.824201 0.033553 -6.127296
v 2.818211 0.033558 -6.127666
v 2.812079 0.033586 -6.129653
v 2.806438 0.033637 -6.133348
v 2.801966 0.033709 -6.138480
v 2.799115 0.033793 -6.144456
v 2.797968 0.033878 -6.150571
v 2.798337 0.033962 -6.156561
v 2.800324 0.034048 -6.162692
v 2.804020 0.034127 -6.168332
v 2.809153 0.034190 -6.172804
v 2.815129 0.034229 -6.175654
v 2.821245 0.034245 -6.176802
v 2.811907 0.010746 -6.188906
v 2.813691 0.005002 -6.189276
v 2.814610 -0.001037 -6.187797
v 2.814487 -0.006713 -6.184483
v 2.813363 -0.011422 -6.179739
v 2.811477 -0.014815 -6.174220
v 2.809007 -0.016933 -6.168252
v 2.805811 -0.017805 -6.161542
v 2.802092 -0.017101 -6.154665
v 2.798226 -0.014766 -6.148387
v 2.794637 -0.011098 -6.143370
v 2.791648 -0.006630 -6.139957
v 2.789298 -0.001651 -6.138068
v 2.787513 0.004093 -6.137698
v 2.786594 0.010132 -6.139176
v 2.786717 0.015808 -6.142490
v 2.787841 0.020517 -6.147233
v 2.789727 0.023910 -6.152753
v 2.792197 0.026028 -6.158721
v 2.795394 0.026900 -6.165431
v 2.799113 0.026196 -6.172307
v 2.802978 0.023861 -6.178585
v 2.806567 0.020194 -6.183603
v 2.809556 0.015725 -6.187016
v 2.720738 0.017714 -6.235761
v 2.721816 0.011371 -6.236140
v 2.721951 0.004718 -6.235044
v 2.721048 -0.001520 -6.232471
v 2.719232 -0.006679 -6.228739
v 2.716800 -0.010379 -6.224366
v 2.713933 -0.012669 -6.219616
v 2.710478 -0.013577 -6.214252
v 2.706692 -0.012744 -6.208733
v 2.702976 -0.010118 -6.203670
v 2.699731 -0.006029 -6.199596
v 2.697221 -0.001070 -6.196797
v 2.695447 0.004440 -6.195211
v 2.694369 0.010783 -6.194832
v 2.694234 0.017436 -6.195928
v 2.695137 0.023674 -6.198501
v 2.696953 0.028833 -6.202233
v 2.699385 0.032533 -6.206606
v 2.702252 0.034823 -6.211356
v 2.705708 0.035731 -6.216720
v 2.709493 0.034898 -6.222239
v 2.713209 0.032272 -6.227303
v 2.716454 0.028183 -6.231376
v 2.718964 0.023224 -6.234175
v 2.688232 0.006799 -6.256395
v 2.691941 0.001802 -6.254718
v 2.694654 -0.003532 -6.251607
v 2.695978 -0.008628 -6.247293
v 2.695809 -0.012943 -6.242273
v 2.694350 -0.016142 -6.237139
v 2.691836 -0.018249 -6.232112
v 2.688095 -0.019300 -6.226971
v 2.683296 -0.018984 -6.222243
v 2.677891 -0.017219 -6.218499
v 2.672482 -0.014235 -6.216116
v 2.667608 -0.010484 -6.215163
v 2.663395 -0.006220 -6.215484
v 2.659687 -0.001224 -6.217161
v 2.656974 0.004110 -6.220272
v 2.655649 0.009207 -6.224586
v 2.655818 0.013521 -6.229606
v 2.657278 0.016721 -6.234740
v 2.659792 0.018827 -6.239767
v 2.663532 0.019879 -6.244908
v 2.668332 0.019562 -6.249636
v 2.673736 0.017797 -6.253380
v 2.679146 0.014813 -6.255763
v 2.684019 0.011062 -6.256716
v 2.680598 -0.018395 -6.272130
v 2.685637 -0.018915 -6.268147
v 2.689644 -0.020001 -6.262831
v 2.692076 -0.021580 -6.256672
v 2.692713 -0.023466 -6.250357
v 2.691717 -0.025433 -6.244538
v 2.689350 -0.027391 -6.239381
v 2.685431 -0.029427 -6.234688
v 2.680084 -0.031340 -6.231050
v 2.673794 -0.032901 -6.228966
v 2.667266 -0.033953 -6.228621
v 2.661182 -0.034452 -6.229831
v 2.655727 -0.034455 -6.232336
v 2.650688 -0.033935 -6.236319
v 2.646682 -0.032849 -6.241635
v 2.644249 -0.031270 -6.247794
v 2.643612 -0.029384 -6.254109
v 2.644608 -0.027417 -6.259928
v 2.646975 -0.025459 -6.265085
v 2.650894 -0.023423 -6.269778
v 2.656241 -0.021510 -6.273417
v 2.662531 -0.019949 -6.275500
v 2.669060 -0.018897 -6.275846
v 2.675143 -0.018398 -6.274635
v 2.688282 -0.030253 -6.274238
v 2.690975 -0.027240 -6.269218
v 2.692935 -0.025365 -6.263043
v 2.693878 -0.024935 -6.256315
v 2.693729 -0.025958 -6.249774
v 2.692638 -0.028150 -6.244053
v 2.690780 -0.031263 -6.239270
v 2.688028 -0.035489 -6.235258
v 2.684506 -0.040586 -6.232591
v 2.680549 -0.046051 -6.231688
v 2.676595 -0.051284 -6.232596
v 2.673040 -0.055790 -6.235000
v 2.669972 -0.059487 -6.238598
v 2.667279 -0.062500 -6.243619
v 2.665319 -0.064375 -6.249794
v 2.664376 -0.064806 -6.256522
v 2.664526 -0.063782 -6.263062
v 2.665616 -0.061590 -6.268784
v 2.667474 -0.058477 -6.273567
v 2.670226 -0.054251 -6.277579
v 2.673748 -0.049154 -6.280245
v 2.677705 -0.043689 -6.281149
v 2.681659 -0.038456 -6.280240
v 2.685214 -0.033950 -6.277836
v 2.704376 -0.034765 -6.273596
v 2.703825 -0.030519 -6.268780
v 2.703134 -0.027569 -6.262754
v 2.702370 -0.026361 -6.256098
v 2.701617 -0.026976 -6.249548
v 2.700949 -0.029127 -6.243747
v 2.700382 -0.032515 -6.238825
v 2.699895 -0.037363 -6.234607
v 2.699556 -0.043429 -6.231678
v 2.699414 -0.050129 -6.230477
v 2.699482 -0.056721 -6.231090
v 2.699725 -0.062561 -6.233226
v 2.700109 -0.067515 -6.236593
v 2.700661 -0.071761 -6.241409
v 2.701352 -0.074710 -6.247435
v 2.702116 -0.075919 -6.254091
v 2.702869 -0.075303 -6.260641
v 2.703537 -0.073153 -6.266442
v 2.704104 -0.069764 -6.271364
v 2.704591 -0.064916 -6.275582
v 2.704930 -0.058851 -6.278511
v 2.705071 -0.052151 -6.279712
v 2.705004 -0.045559 -6.279099
v 2.704761 -0.039719 -6.276963
v 2.877407 -0.030192 -6.248656
v 2.877738 -0.026062 -6.243719
v 2.877670 -0.023208 -6.237608
v 2.877178 -0.022060 -6.230917
v 2.876325 -0.022698 -6.224381
v 2.875243 -0.024833 -6.218637
v 2.874006 -0.028175 -6.213807
v 2.872549 -0.032942 -6.209722
v 2.870987 -0.038893 -6.206960
v 2.869488 -0.045456 -6.205945
v 2.868212 -0.051904 -6.206740
v 2.867259 -0.057608 -6.209040
v 2.866622 -0.062438 -6.212545
v 2.866292 -0.066567 -6.217482
v 2.866359 -0.069421 -6.223592
v 2.866852 -0.070569 -6.230285
v 2.867704 -0.069932 -6.236820
v 2.868787 -0.067797 -6.242564
v 2.870024 -0.064454 -6.247394
v 2.871481 -0.059687 -6.251479
v 2.873042 -0.053736 -6.254241
v 2.874542 -0.047174 -6.255256
v 2.875818 -0.040725 -6.254461
v 2.876771 -0.035022 -6.252161
v 2.913779 -0.040224 -6.246163
v 2.915593 -0.036821 -6.241138
v 2.916693 -0.034539 -6.234956
v 2.916893 -0.033732 -6.228222
v 2.916198 -0.034447 -6.221678
v 2.914788 -0.036422 -6.215954
v 2.912817 -0.039405 -6.211168
v 2.910167 -0.043588 -6.207155
v 2.906990 -0.048748 -6.204490
v 2.903603 -0.054386 -6.203589
v 2.900378 -0.059880 -6.204502
v 2.897615 -0.064697 -6.206911
v 2.895365 -0.068736 -6.210514
v 2.893551 -0.072139 -6.215539
v 2.892451 -0.074421 -6.221721
v 2.892250 -0.075228 -6.228455
v 2.892946 -0.074514 -6.234999
v 2.894356 -0.072539 -6.240724
v 2.896327 -0.069555 -6.245509
v 2.898977 -0.065373 -6.249522
v 2.902153 -0.060212 -6.252187
v 2.905540 -0.054574 -6.253088
v 2.908766 -0.049081 -6.252175
v 2.911529 -0.044263 -6.249766
v 2.939550 -0.056524 -6.245595
v 2.942574 -0.054128 -6.240563
v 2.944615 -0.052626 -6.234376
v 2.945361 -0.052263 -6.227638
v 2.944765 -0.053048 -6.221092
v 2.943054 -0.054759 -6.215366
v 2.940450 -0.057201 -6.210582
v 2.936786 -0.060523 -6.206572
v 2.932254 -0.064538 -6.203911
v 2.927291 -0.068850 -6.203015
v 2.922447 -0.072984 -6.203935
v 2.918191 -0.076551 -6.206350
v 2.914614 -0.079482 -6.209960
v 2.911591 -0.081878 -6.214992
v 2.909549 -0.083380 -6.221179
v 2.908804 -0.083743 -6.227916
v 2.909400 -0.082958 -6.234463
v 2.911111 -0.081247 -6.240189
v 2.913715 -0.078805 -6.244973
v 2.917379 -0.075483 -6.248983
v 2.921911 -0.071468 -6.251644
v 2.926873 -0.067156 -6.252539
v 2.931717 -0.063022 -6.251620
v 2.935973 -0.059456 -6.249205
v 2.950822 -0.087530 -6.250507
v 2.955263 -0.088626 -6.245965
v 2.958472 -0.089748 -6.240141
v 2.959984 -0.090772 -6.233583
v 2.959680 -0.091590 -6.227019
v 2.957818 -0.092147 -6.221107
v 2.954685 -0.092454 -6.215997
v 2.950070 -0.092513 -6.211499
v 2.944187 -0.092271 -6.208210
v 2.937593 -0.091729 -6.206606
v 2.931021 -0.090953 -6.206814
v 2.925124 -0.090052 -6.208586
v 2.920049 -0.089077 -6.211639
v 2.915609 -0.087982 -6.216180
v 2.912399 -0.086860 -6.222004
v 2.910887 -0.085835 -6.228563
v 2.911191 -0.085017 -6.235126
v 2.913054 -0.084461 -6.241038
v 2.916187 -0.084154 -6.246149
v 2.920801 -0.084094 -6.250647
v 2.926684 -0.084337 -6.253936
v 2.933278 -0.084879 -6.255539
v 2.939851 -0.085654 -6.255332
v 2.945747 -0.086556 -6.253560
v 2.931566 -0.118098 -6.252803
v 2.934303 -0.122153 -6.248703
v 2.936347 -0.125411 -6.243197
v 2.937408 -0.127434 -6.236789
v 2.937398 -0.128037 -6.230197
v 2.936452 -0.127338 -6.224102
v 2.934735 -0.125543 -6.218682
v 2.932128 -0.122509 -6.213727
v 2.928742 -0.118328 -6.209857
v 2.924892 -0.113376 -6.207599
v 2.921009 -0.108208 -6.207156
v 2.917484 -0.103367 -6.208345
v 2.914411 -0.099006 -6.210895
v 2.911674 -0.094950 -6.214994
v 2.909630 -0.091693 -6.220500
v 2.908569 -0.089669 -6.226908
v 2.908579 -0.089066 -6.233501
v 2.909525 -0.089765 -6.239596
v 2.911242 -0.091561 -6.245016
v 2.913849 -0.094594 -6.249971
v 2.917235 -0.098775 -6.253841
v 2.921085 -0.103728 -6.256099
v 2.924968 -0.108896 -6.256541
v 2.928493 -0.113736 -6.255353
v 2.905788 -0.127748 -6.253466
v 2.906642 -0.132598 -6.249322
v 2.907192 -0.136397 -6.243780
v 2.907349 -0.138625 -6.237350
v 2.907108 -0.139085 -6.230750
v 2.906542 -0.137951 -6.224660
v 2.905719 -0.135487 -6.219258
v 2.904586 -0.131508 -6.214334
v 2.903207 -0.126154 -6.210507
v 2.901717 -0.119913 -6.208302
v 2.900280 -0.113484 -6.207914
v 2.899033 -0.107533 -6.209154
v 2.898000 -0.102236 -6.211751
v 2.897146 -0.097386 -6.215894
v 2.896597 -0.093587 -6.221436
v 2.896439 -0.091359 -6.227867
v 2.896680 -0.090899 -6.234467
v 2.897246 -0.092033 -6.240556
v 2.898070 -0.094497 -6.245958
v 2.899202 -0.098476 -6.250882
v 2.900581 -0.103830 -6.254709
v 2.902071 -0.110071 -6.256914
v 2.903508 -0.116500 -6.257302
v 2.904756 -0.122451 -6.256062
v 2.732064 -0.168055 -6.253425
v 2.735864 -0.171431 -6.249462
v 2.739024 -0.173965 -6.244069
v 2.741131 -0.175299 -6.237735
v 2.741988 -0.175323 -6.231170
v 2.741663 -0.174196 -6.225058
v 2.740333 -0.172123 -6.219584
v 2.737880 -0.168956 -6.214536
v 2.734357 -0.164828 -6.210531
v 2.730070 -0.160125 -6.208114
v 2.725503 -0.155370 -6.207501
v 2.721148 -0.151045 -6.208529
v 2.717152 -0.147266 -6.210933
v 2.713352 -0.143891 -6.214895
v 2.710192 -0.141357 -6.220288
v 2.708085 -0.140022 -6.226622
v 2.707228 -0.139998 -6.233188
v 2.707553 -0.141125 -6.239300
v 2.708884 -0.143199 -6.244773
v 2.711336 -0.146365 -6.249822
v 2.714859 -0.150493 -6.253826
v 2.719146 -0.155196 -6.256244
v 2.723713 -0.159951 -6.256856
v 2.728068 -0.164276 -6.255828
v 2.724286 -0.175531 -6.251228
v 2.729247 -0.177115 -6.247432
v 2.733302 -0.178269 -6.242167
v 2.735914 -0.178826 -6.235905
v 2.736840 -0.178742 -6.229349
v 2.736198 -0.178105 -6.223192
v 2.734228 -0.177017 -6.217628
v 2.730770 -0.175403 -6.212434
v 2.725909 -0.173337 -6.208239
v 2.720079 -0.171015 -6.205601
v 2.713935 -0.168693 -6.204763
v 2.708131 -0.166605 -6.205584
v 2.702854 -0.164802 -6.207804
v 2.697893 -0.163218 -6.211601
v 2.693839 -0.162064 -6.216866
v 2.691227 -0.161507 -6.223127
v 2.690301 -0.161592 -6.229683
v 2.690943 -0.162228 -6.235840
v 2.692912 -0.163316 -6.241405
v 2.696371 -0.164930 -6.246598
v 2.701231 -0.166996 -6.250793
v 2.707061 -0.169318 -6.253431
v 2.713205 -0.171640 -6.254269
v 2.719009 -0.173728 -6.253448
v 2.724373 -0.183700 -6.250430
v 2.729317 -0.182362 -6.246518
v 2.733360 -0.181578 -6.241178
v 2.735968 -0.181484 -6.234890
v 2.736898 -0.182071 -6.228361
v 2.736266 -0.183197 -6.222272
v 2.734312 -0.184741 -6.216812
v 2.730875 -0.186797 -6.211763
v 2.726041 -0.189241 -6.207745
v 2.720239 -0.191831 -6.205299
v 2.714123 -0.194282 -6.204649
v 2.708342 -0.196367 -6.205634
v 2.703085 -0.198050 -6.207991
v 2.698141 -0.199389 -6.211903
v 2.694098 -0.200173 -6.217244
v 2.691490 -0.200267 -6.223531
v 2.690560 -0.199679 -6.230061
v 2.691192 -0.198554 -6.236148
v 2.693146 -0.197010 -6.241609
v 2.696584 -0.194954 -6.246658
v 2.701418 -0.192509 -6.250676
v 2.707219 -0.189920 -6.253121
v 2.713336 -0.187469 -6.253772
v 2.719116 -0.185384 -6.252787
v 2.728243 -0.188463 -6.254598
v 2.731417 -0.185196 -6.250064
v 2.734370 -0.183216 -6.244339
v 2.736749 -0.182857 -6.237971
v 2.738312 -0.184114 -6.231665
v 2.739006 -0.186660 -6.226043
v 2.738920 -0.190215 -6.221239
v 2.738009 -0.194996 -6.217079
v 2.736214 -0.200724 -6.214129
v 2.733663 -0.206830 -6.212827
v 2.730652 -0.212645 -6.213269
v 2.727539 -0.217624 -6.215192
v 2.724465 -0.221680 -6.218317
v 2.721291 -0.224947 -6.222851
v 2.718338 -0.226927 -6.228575
v 2.715959 -0.227286 -6.234944
v 2.714395 -0.226029 -6.241250
v 2.713702 -0.223483 -6.246872
v 2.713788 -0.219928 -6.251677
v 2.714699 -0.215147 -6.255836
v 2.716494 -0.209420 -6.258786
v 2.719045 -0.203313 -6.260087
v 2.722056 -0.197498 -6.259646
v 2.725168 -0.192519 -6.257723
v 2.881603 -0.201890 -6.305219
v 2.884840 -0.198590 -6.300728
v 2.887901 -0.196606 -6.295055
v 2.890422 -0.196275 -6.288740
v 2.892147 -0.197587 -6.282484
v 2.893003 -0.200206 -6.276904
v 2.893073 -0.203848 -6.272133
v 2.892319 -0.208734 -6.267999
v 2.890665 -0.214577 -6.265064
v 2.888221 -0.220796 -6.263762
v 2.885274 -0.226710 -6.264190
v 2.882180 -0.231765 -6.266088
v 2.879086 -0.235875 -6.269180
v 2.875849 -0.239175 -6.273671
v 2.872789 -0.241158 -6.279344
v 2.870267 -0.241490 -6.285659
v 2.868542 -0.240177 -6.291916
v 2.867687 -0.237558 -6.297496
v 2.867616 -0.233916 -6.302266
v 2.868371 -0.229030 -6.306400
v 2.870025 -0.223187 -6.309335
v 2.872468 -0.216968 -6.310637
v 2.875415 -0.211054 -6.310209
v 2.878509 -0.205999 -6.308311
v 2.900441 -0.210467 -6.312885
v 2.904408 -0.207624 -6.308676
v 2.907949 -0.205941 -6.303187
v 2.910627 -0.205708 -6.296933
v 2.912177 -0.206911 -6.290609
v 2.912584 -0.209249 -6.284856
v 2.911988 -0.212473 -6.279829
v 2.910307 -0.216779 -6.275338
v 2.907517 -0.221909 -6.271965
v 2.903838 -0.227354 -6.270186
v 2.899692 -0.232517 -6.270152
v 2.895552 -0.236916 -6.271647
v 2.891584 -0.240478 -6.274402
v 2.887618 -0.243321 -6.278611
v 2.884077 -0.245004 -6.284100
v 2.881398 -0.245237 -6.290354
v 2.879849 -0.244034 -6.296678
v 2.879442 -0.241696 -6.302431
v 2.880038 -0.238472 -6.307458
v 2.881718 -0.234166 -6.311949
v 2.884509 -0.229036 -6.315322
v 2.888188 -0.223591 -6.317101
v 2.892334 -0.218428 -6.317135
v 2.896474 -0.214029 -6.315640
v 2.913355 -0.227030 -6.319620
v 2.918544 -0.225707 -6.316035
v 2.923048 -0.225222 -6.311038
v 2.926299 -0.225701 -6.305076
v 2.927979 -0.227065 -6.298819
v 2.928117 -0.229069 -6.292928
v 2.926917 -0.231543 -6.287593
v 2.924253 -0.234626 -6.282600
v 2.920133 -0.238103 -6.278548
v 2.914899 -0.241615 -6.275976
v 2.909146 -0.244780 -6.275122
v 2.903515 -0.247326 -6.275856
v 2.898217 -0.249234 -6.277932
v 2.893027 -0.250557 -6.281518
v 2.888523 -0.251043 -6.286514
v 2.885273 -0.250564 -6.292477
v 2.883593 -0.249199 -6.298734
v 2.883455 -0.247196 -6.304624
v 2.884654 -0.244722 -6.309959
v 2.887318 -0.241639 -6.314952
v 2.891439 -0.238161 -6.319005
v 2.896673 -0.234650 -6.321577
v 2.902426 -0.231484 -6.322431
v 2.908056 -0.228938 -6.321696
v 2.915718 -0.253313 -6.325649
v 2.921157 -0.256001 -6.323476
v 2.925878 -0.258998 -6.319706
v 2.929286 -0.261992 -6.314630
v 2.931047 -0.264659 -6.308831
v 2.931192 -0.266773 -6.302979
v 2.929935 -0.268324 -6.297319
v 2.927143 -0.269352 -6.291602
v 2.922824 -0.269649 -6.286430
v 2.917338 -0.269118 -6.282435
v 2.911308 -0.267840 -6.280015
v 2.905406 -0.266035 -6.279218
v 2.899853 -0.263849 -6.279852
v 2.894413 -0.261161 -6.282025
v 2.889692 -0.258163 -6.285795
v 2.886285 -0.255169 -6.290872
v 2.884523 -0.252503 -6.296670
v 2.884379 -0.250389 -6.302522
v 2.885636 -0.248838 -6.308182
v 2.888428 -0.247810 -6.313899
v 2.892746 -0.247513 -6.319071
v 2.898233 -0.248043 -6.323066
v 2.904262 -0.249322 -6.325486
v 2.910164 -0.251126 -6.326283
v 2.898701 -0.269707 -6.330372
v 2.901711 -0.275303 -6.329298
v 2.904280 -0.280877 -6.326501
v 2.906080 -0.285795 -6.322151
v 2.906938 -0.289543 -6.316761
v 2.906885 -0.291893 -6.310999
v 2.906048 -0.292941 -6.305149
v 2.904346 -0.292665 -6.298939
v 2.901798 -0.290842 -6.292966
v 2.898621 -0.287548 -6.287926
v 2.895174 -0.283178 -6.284339
v 2.891836 -0.278304 -6.282382
v 2.888727 -0.273192 -6.281911
v 2.885717 -0.267595 -6.282985
v 2.883148 -0.262022 -6.285782
v 2.881348 -0.257104 -6.290132
v 2.880490 -0.253356 -6.295522
v 2.880543 -0.251005 -6.301284
v 2.881380 -0.249957 -6.307135
v 2.883082 -0.250234 -6.313344
v 2.885629 -0.252057 -6.319317
v 2.888807 -0.255351 -6.324357
v 2.892254 -0.259721 -6.327943
v 2.895592 -0.264594 -6.329901
v 2.743552 -0.287867 -6.341347
v 2.746031 -0.293760 -6.340531
v 2.748348 -0.299543 -6.337947
v 2.750229 -0.304552 -6.333737
v 2.751481 -0.308266 -6.328402
v 2.752057 -0.310477 -6.322613
v 2.752028 -0.311301 -6.316668
v 2.751358 -0.310699 -6.310286
v 2.749997 -0.308466 -6.304069
v 2.748043 -0.304716 -6.298734
v 2.745720 -0.299895 -6.294834
v 2.743309 -0.294620 -6.292579
v 2.740918 -0.289165 -6.291835
v 2.738439 -0.283273 -6.292651
v 2.736121 -0.277490 -6.295236
v 2.734241 -0.272481 -6.299445
v 2.732989 -0.268766 -6.304781
v 2.732413 -0.266555 -6.310570
v 2.732442 -0.265732 -6.316515
v 2.733112 -0.266334 -6.322896
v 2.734473 -0.268567 -6.329113
v 2.736427 -0.272317 -6.334448
v 2.738750 -0.277137 -6.338349
v 2.741161 -0.282413 -6.340604
v 2.732708 -0.299680 -6.341868
v 2.737501 -0.303026 -6.340828
v 2.742057 -0.306346 -6.338029
v 2.745838 -0.309261 -6.333636
v 2.748459 -0.311467 -6.328168
v 2.749801 -0.312833 -6.322306
v 2.748957 -0.313205 -6.309993
v 2.746597 -0.312068 -6.303872
v 2.743060 -0.310055 -6.298689
v 2.738759 -0.307410 -6.294979
v 2.734219 -0.304474 -6.292928
v 2.729657 -0.301406 -6.292394
v 2.724864 -0.298059 -6.293433
v 2.720309 -0.294740 -6.296233
v 2.716527 -0.291825 -6.300625
v 2.713907 -0.289618 -6.306094
v 2.712565 -0.288253 -6.311956
v 2.712380 -0.287668 -6.317922
v 2.713408 -0.287881 -6.324269
v 2.715768 -0.289018 -6.330390
v 2.719306 -0.291030 -6.335573
v 2.723607 -0.293676 -6.339283
v 2.728146 -0.296612 -6.341333
v 2.726718 -0.310970 -6.342645
v 2.733011 -0.311606 -6.341412
v 2.739017 -0.312303 -6.338424
v 2.744032 -0.312987 -6.333871
v 2.747541 -0.313585 -6.328288
v 2.749381 -0.314049 -6.322361
v 2.749705 -0.314376 -6.316377
v 2.748446 -0.314576 -6.310060
v 2.745440 -0.314602 -6.304022
v 2.740878 -0.314438 -6.298972
v 2.735295 -0.314104 -6.295428
v 2.729377 -0.313658 -6.293556
v 2.723408 -0.313130 -6.293204
v 2.717115 -0.312494 -6.294437
v 2.711109 -0.311797 -6.297425
v 2.706094 -0.311113 -6.301978
v 2.702585 -0.310515 -6.307561
v 2.700746 -0.310051 -6.313488
v 2.700421 -0.309724 -6.319472
v 2.701680 -0.309524 -6.325789
v 2.704686 -0.309498 -6.331827
v 2.709248 -0.309662 -6.336877
v 2.714831 -0.309996 -6.340421
v 2.720749 -0.310442 -6.342293
v 2.752030 -0.408312 -6.345508
v 2.757784 -0.405741 -6.344162
v 2.763265 -0.403321 -6.341066
v 2.767830 -0.401338 -6.336421
v 2.771009 -0.399996 -6.330770
v 2.772659 -0.399348 -6.324805
v 2.772921 -0.399326 -6.318809
v 2.771732 -0.399962 -6.312506
v 2.768944 -0.401314 -6.306515
v 2.764738 -0.403288 -6.301540
v 2.759606 -0.405656 -6.298090
v 2.754177 -0.408130 -6.296320
v 2.748711 -0.410597 -6.296072
v 2.742957 -0.413168 -6.297418
v 2.737476 -0.415588 -6.300514
v 2.732911 -0.417571 -6.305160
v 2.729732 -0.418913 -6.310811
v 2.728082 -0.419561 -6.316776
v 2.727820 -0.419583 -6.322773
v 2.729009 -0.418947 -6.329074
v 2.731797 -0.417595 -6.335065
v 2.736003 -0.415621 -6.340041
v 2.741135 -0.413253 -6.343491
v 2.746564 -0.410779 -6.345260
v 2.805171 -0.524910 -6.346713
v 2.811039 -0.522611 -6.345369
v 2.816622 -0.520435 -6.342275
v 2.821264 -0.518638 -6.337630
v 2.824488 -0.517404 -6.331980
v 2.826149 -0.516787 -6.326014
v 2.826393 -0.516727 -6.320017
v 2.825155 -0.517251 -6.313714
v 2.822287 -0.518414 -6.307722
v 2.817974 -0.520139 -6.302745
v 2.812722 -0.522225 -6.299294
v 2.807174 -0.524416 -6.297522
v 2.801593 -0.526612 -6.297273
v 2.795725 -0.528911 -6.298616
v 2.790141 -0.531087 -6.301711
v 2.785500 -0.532884 -6.306356
v 2.782276 -0.534118 -6.312006
v 2.780615 -0.534735 -6.317972
v 2.780371 -0.534795 -6.323969
v 2.781609 -0.534271 -6.330272
v 2.784477 -0.533108 -6.336264
v 2.788790 -0.531383 -6.341241
v 2.794041 -0.529298 -6.344692
v 2.799590 -0.527106 -6.346464
v 2.821821 -0.577693 -6.346932
v 2.828019 -0.576543 -6.345592
v 2.833914 -0.575454 -6.342502
v 2.838812 -0.574553 -6.337861
v 2.842211 -0.573933 -6.332212
v 2.843960 -0.573621 -6.326248
v 2.844211 -0.573587 -6.320251
v 2.842897 -0.573845 -6.313947
v 2.839860 -0.574422 -6.307953
v 2.835299 -0.575281 -6.302972
v 2.829748 -0.576321 -6.299517
v 2.823884 -0.577415 -6.297741
v 2.817989 -0.578512 -6.297488
v 2.811790 -0.579662 -6.298827
v 2.805896 -0.580751 -6.301918
v 2.800997 -0.581652 -6.306559
v 2.797598 -0.582272 -6.312207
v 2.795850 -0.582584 -6.318172
v 2.795599 -0.582618 -6.324169
v 2.796913 -0.582360 -6.330472
v 2.799949 -0.581782 -6.336467
v 2.804511 -0.580923 -6.341447
v 2.810062 -0.579884 -6.344903
v 2.815925 -0.578790 -6.346678
v 2.824282 -0.600236 -6.346958
v 2.830586 -0.600236 -6.345620
v 2.836581 -0.600236 -6.342530
v 2.841562 -0.600236 -6.337890
v 2.845019 -0.600236 -6.332242
v 2.846796 -0.600236 -6.326279
v 2.847050 -0.600236 -6.320282
v 2.845712 -0.600236 -6.313978
v 2.842623 -0.600236 -6.307982
v 2.837982 -0.600236 -6.303001
v 2.832335 -0.600236 -6.299545
v 2.826371 -0.600236 -6.297768
v 2.820374 -0.600236 -6.297513
v 2.814070 -0.600236 -6.298851
v 2.808075 -0.600236 -6.301941
v 2.803093 -0.600236 -6.306581
v 2.799637 -0.600236 -6.312229
v 2.797860 -0.600236 -6.318193
v 2.797605 -0.600236 -6.324190
v 2.798944 -0.600236 -6.330493
v 2.802033 -0.600236 -6.336489
v 2.806674 -0.600236 -6.341470
v 2.812321 -0.600236 -6.344926
v 2.818285 -0.600236 -6.346704
v 2.823416 0.019539 -6.181130
v 2.825930 0.003210 -6.143678
v 2.793427 0.024896 -6.144306
v 2.831734 0.012722 -6.177735
v 2.815263 0.006600 -6.134369
v 2.795484 0.028160 -6.156103
v 2.835226 0.006665 -6.168153
v 2.805238 0.012023 -6.131329
v 2.802723 0.028351 -6.168781
v 2.833169 0.003401 -6.156356
v 2.796919 0.018840 -6.134724
v 2.813390 0.024961 -6.178091
v 2.827964 0.016222 -6.180323
v 2.820759 0.004515 -6.138303
v 2.793852 0.026895 -6.150124
v 2.834233 0.009419 -6.173512
v 2.810030 0.009159 -6.132089
v 2.798462 0.028711 -6.162523
v 2.834801 0.004667 -6.162335
v 2.800689 0.015339 -6.132137
v 2.807893 0.027046 -6.174156
v 2.830191 0.002851 -6.149936
v 2.794420 0.022142 -6.138947
v 2.818622 0.022403 -6.180370
vn -0.0870 -0.0988 0.9913
vn -0.1490 -0.3569 0.9222
vn -0.3980 -0.4246 0.8132
vn -0.7746 0.6242 0.1023
vn -0.7894 0.5959 -0.1478
vn -0.0220 0.0775 -0.9968
vn -0.0091 -0.8986 0.4387
vn 0.5714 -0.5777 0.5828
vn -0.2301 0.8811 -0.4133
vn -0.1987 0.7615 -0.6170
vn 0.7219 -0.6916 -0.0249
vn 0.6675 -0.7154 0.2065
vn 0.4887 -0.2293 -0.8418
vn 0.6207 -0.3969 -0.6761
vn 0.1925 0.9737 -0.1218
vn -0.0799 0.9379 -0.3377
vn 0.7479 0.5112 -0.4234
vn 0.8508 0.4941 -0.1788
vn 0.7963 0.3301 0.5069
vn 0.6777 0.2428 0.6941
vn 0.7028 -0.5337 -0.4704
vn 0.3516 -0.5908 0.7262
vn 0.5121 0.1176 0.8509
vn -0.4117 -0.3870 0.8251
vn -0.6341 -0.2574 0.7292
vn 0.2879 -0.2155 0.9331
vn 0.1283 -0.9809 -0.1462
vn 0.1106 -0.9898 0.0899
vn 0.1861 -0.4246 -0.8860
vn 0.3219 -0.5899 -0.7405
vn 0.5383 -0.8399 -0.0692
vn 0.5979 -0.7854 0.1600
vn 0.5303 -0.3211 0.7847
vn 0.3721 -0.1258 0.9196
vn 0.5480 0.0103 -0.8364
vn 0.2998 -0.0319 0.9535
vn 0.0528 0.1411 -0.9886
vn 0.0850 -0.1221 -0.9889
vn -0.2343 0.3592 0.9034
vn -0.4187 0.4731 0.7752
vn -0.0704 -0.3760 0.9239
vn -0.6669 0.3872 0.6366
vn -0.5427 0.3027 -0.7835
vn -0.3676 0.1330 -0.9204
vn 0.3971 -0.0636 -0.9156
vn 0.6100 -0.0932 -0.7869
vn 0.9895 -0.0287 -0.1415
vn 0.9937 0.0388 0.1049
vn 0.6451 0.0382 0.7632
vn 0.3999 0.0230 0.9163
vn -0.8724 -0.2050 -0.4437
vn -0.0550 0.0152 -0.9984
vn -0.9420 -0.0041 -0.3355
vn -0.8294 -0.0035 -0.5586
vn 0.8275 0.2384 -0.5084
vn -0.1202 -0.0229 -0.9925
vn 0.1539 -0.0403 -0.9873
vn 0.3233 0.8496 -0.4166
vn 0.5325 0.8120 -0.2389
vn 0.4462 0.1438 -0.8833
vn -0.1964 -0.0796 0.9773
vn 0.8552 0.3759 0.3567
vn 0.7800 0.2665 0.5662
vn -0.5287 -0.1090 -0.8417
vn -0.9303 -0.2409 0.2767
vn 0.2393 -0.2405 0.9407
vn 0.0199 -0.4020 0.9154
vn -0.5232 -0.6881 0.5027
vn -0.6491 -0.7069 0.2811
vn -0.2611 -0.7714 -0.5803
vn -0.7656 0.3780 0.5205
vn 0.0611 0.9951 -0.0778
vn -0.7966 0.4590 -0.3935
vn 0.2996 0.5910 0.7489
vn 0.2928 -0.2206 0.9304
vn 0.0390 0.9024 -0.4291
vn 0.2330 0.8747 -0.4251
vn 0.9338 -0.0334 -0.3562
vn 0.1415 -0.4420 -0.8858
vn 0.1395 0.0934 -0.9858
vn 0.5212 0.6855 0.5083
vn 0.2970 0.0506 0.9535
vn 0.3091 0.2597 -0.9149
vn -0.0375 0.9952 0.0907
vn -0.4379 -0.1424 0.8877
vn 0.5429 0.8325 -0.1104
vn -0.6509 -0.2097 0.7296
vn -0.7279 -0.1632 -0.6660
vn -0.7300 -0.5941 0.3380
vn 0.1022 0.5700 -0.8153
vn 0.0738 0.7574 -0.6488
vn 0.1964 0.0800 -0.9773
vn 0.0549 -0.0149 0.9984
vn 0.9255 0.2598 -0.2756
vn 0.4570 0.0504 -0.8880
vn 0.1830 -0.4531 0.8725
vn -0.7050 0.6133 0.3563
vn -0.8308 -0.2239 0.5095
vn 0.1458 -0.1805 -0.9727
vn -0.0717 0.9386 0.3375
vn -0.1393 0.4418 0.8862
vn -0.1452 0.1804 0.9728
vn -0.7939 -0.2820 -0.5387
vn 0.8275 -0.4874 -0.2787
vn -0.2999 -0.5909 -0.7489
vn 0.4491 -0.2227 -0.8653
vn -0.2386 0.4710 -0.8493
vn -0.7336 -0.6735 0.0911
vn -0.4469 -0.1403 0.8835
vn -0.6664 -0.1901 0.7209
vn 0.0511 -0.0954 0.9941
vn -0.9691 -0.2430 0.0412
vn -0.9520 -0.2316 -0.2000
vn -0.6764 -0.2448 -0.6946
vn 0.9439 -0.3231 -0.0689
vn -0.2810 0.2158 -0.9351
vn 0.4264 -0.1609 -0.8901
vn -0.8637 0.4791 -0.1564
vn 0.8680 0.2232 0.4436
vn 0.1276 -0.6629 -0.7377
vn 0.3520 0.9172 -0.1868
vn -0.7071 -0.3654 -0.6053
vn -0.1130 -0.8123 -0.5722
vn -0.0762 -0.6496 -0.7565
vn 0.0453 -0.9949 -0.0897
vn 0.5006 -0.3086 0.8088
vn 0.5122 0.5117 0.6898
vn -0.0901 0.4742 -0.8758
vn 0.0950 0.1059 -0.9898
vn 0.1564 0.3569 -0.9210
vn -0.6843 0.5907 0.4275
vn 0.0179 -0.9473 0.3200
vn 0.1393 0.9767 0.1633
vn 0.7845 -0.0828 -0.6145
vn 0.0066 -0.9847 0.1744
vn 0.3215 0.3513 0.8793
vn 0.3180 0.0709 0.9454
vn 0.1736 -0.6762 0.7160
vn 0.1000 -0.8370 0.5380
vn -0.1431 -0.9763 -0.1622
vn -0.2090 -0.8988 -0.3854
vn -0.4244 0.1664 0.8900
vn 0.2370 -0.4704 0.8500
vn 0.2904 -0.1844 0.9390
vn -0.0655 -0.9947 0.0794
vn -0.1763 0.6772 -0.7144
vn 0.4288 0.6825 0.5919
vn -0.1737 0.8937 -0.4138
vn 0.3319 0.5444 0.7704
vn -0.6809 -0.1414 -0.7186
vn 0.5094 0.7781 -0.3675
vn -0.6635 0.7191 0.2067
vn -0.3211 -0.3515 -0.8794
vn -0.3178 -0.0710 -0.9455
vn -0.0350 0.6260 -0.7790
vn 0.0991 0.7723 -0.6275
vn -0.1006 -0.5702 0.8153
vn -0.0703 -0.7575 0.6490
vn 0.4427 0.8944 0.0635
vn 0.4988 0.8131 0.3001
vn 0.6187 -0.3322 -0.7119
vn 0.9726 -0.1848 -0.1413
vn 0.7444 -0.5224 0.4158
vn 0.7250 0.1764 0.6658
vn 0.0729 -0.6462 0.7597
vn -0.0386 -0.8010 0.5975
vn 0.0791 -0.9384 -0.3363
vn -0.3547 -0.9303 -0.0936
vn -0.4281 -0.8446 -0.3217
vn -0.4626 -0.2936 -0.8365
vn -0.3936 -0.0360 -0.9186
vn 0.1662 0.4796 -0.8616
vn 0.3598 0.5786 -0.7319
vn 0.7713 0.6327 -0.0688
vn 0.8081 0.5633 0.1722
vn 0.6166 0.1684 0.7690
vn 0.4495 -0.0134 0.8932
vn -0.1684 -0.4767 0.8628
vn -0.3657 -0.5712 0.7348
vn -0.7913 -0.6062 0.0795
vn -0.8276 -0.5375 -0.1617
vn -0.0955 -0.1056 0.9898
vn 0.7026 0.2291 -0.6737
vn 0.8659 0.1920 -0.4619
vn -0.6222 -0.1612 -0.7661
vn -0.4514 0.0158 -0.8922
vn 0.2390 -0.4904 0.8381
vn 0.0544 -0.3155 0.9474
vn 0.2414 0.2288 -0.9431
vn 0.4860 0.2427 -0.8396
vn 0.0177 -0.1922 0.9812
vn 0.9635 0.1394 -0.2284
vn 0.9968 0.0802 0.0042
vn -0.1540 0.9694 0.1909
vn -0.3563 0.9313 -0.0755
vn 0.7544 -0.1017 0.6485
vn 0.5467 -0.1525 0.8233
vn -0.1508 -0.3590 0.9211
vn -0.2045 0.8154 0.5416
vn -0.2360 0.9243 0.2999
vn 0.0581 -0.1849 0.9810
vn 0.1956 -0.8907 0.4104
vn 0.1710 -0.7708 0.6138
vn -0.1524 0.8416 0.5182
vn -0.0652 0.9313 0.3585
vn -0.8518 -0.4010 -0.3371
vn -0.7958 -0.3056 -0.5227
vn -0.2822 0.1080 -0.9533
vn -0.0173 0.1859 -0.9824
vn -0.4566 0.7993 -0.3908
vn -0.3992 0.6420 -0.6546
vn -0.4847 -0.4407 0.7556
vn -0.5221 -0.1754 0.8347
vn -0.3422 0.6688 0.6600
vn -0.2232 0.8358 0.5017
vn 0.1239 0.9911 -0.0478
vn 0.2306 0.9386 -0.2565
vn 0.4121 0.3608 -0.8367
vn 0.5017 0.1137 -0.8575
vn 0.0203 -0.0784 0.9967
vn -0.0437 0.1926 0.9803
vn 0.9025 0.0077 -0.4306
vn 0.9829 0.0055 -0.1843
vn 0.1399 -0.7997 -0.5839
vn -0.8269 -0.5365 0.1688
vn 0.1382 -0.9190 -0.3692
vn 0.0847 -0.9370 0.3389
vn 0.0420 0.2878 -0.9568
vn 0.0518 -0.8141 0.5784
vn 0.0781 0.8191 0.5683
vn 0.0578 0.6593 0.7497
vn 0.5207 0.0552 0.8520
vn -0.0519 0.8141 -0.5784
vn -0.4871 0.2092 0.8479
vn -0.6233 0.2857 0.7279
vn 0.1439 0.7575 -0.6368
vn 0.3231 0.8260 -0.4619
vn 0.3537 -0.9104 -0.2148
vn 0.2509 -0.9680 -0.0087
vn -0.1866 -0.5768 0.7953
vn -0.2047 -0.7590 0.6180
vn -0.5742 0.1462 0.8056
vn -0.6001 0.3990 0.6933
vn -0.0604 0.1886 -0.9802
vn -0.4380 0.8852 0.1571
vn -0.3246 0.9447 -0.0461
vn -0.7834 -0.3518 -0.5124
vn -0.1822 0.9485 -0.2590
vn -0.0205 0.8861 -0.4631
vn -0.9641 -0.1292 0.2320
vn -0.9403 -0.3276 -0.0923
vn 0.0153 -0.6258 0.7799
vn -0.0203 -0.3930 0.9193
vn -0.1008 0.3903 0.9152
vn -0.1148 0.6239 0.7730
vn -0.1129 0.9826 0.1476
vn -0.1001 0.9911 -0.0880
vn -0.0179 0.6247 -0.7806
vn 0.0182 0.3921 -0.9198
vn -0.2745 -0.8841 0.3782
vn -0.2843 -0.9512 0.1202
vn -0.2063 -0.7883 -0.5797
vn -0.1512 -0.6340 -0.7584
vn 0.0813 0.1008 -0.9916
vn 0.1503 0.3565 -0.9221
vn -0.3986 -0.0063 0.9171
vn -0.6143 -0.0098 0.7890
vn -0.9901 -0.0082 0.1401
vn -0.9946 -0.0058 -0.1036
vn -0.6463 -0.0054 -0.7631
vn -0.4002 -0.0115 -0.9163
vn 0.3302 -0.2833 -0.9004
vn 0.4902 -0.4560 -0.7428
vn 0.7523 -0.6476 -0.1211
vn 0.7608 -0.6259 0.1714
vn 0.4422 -0.4171 0.7940
vn 0.2599 -0.2667 0.9281
vn -0.3475 0.2689 0.8983
vn -0.5185 0.4312 0.7384
vn -0.7378 0.6692 0.0887
vn -0.7262 0.6731 -0.1399
vn -0.4238 0.4342 -0.7949
vn -0.2477 0.2772 -0.9283
vn -0.1067 0.5290 -0.8419
vn 0.6308 -0.2682 -0.7281
vn -0.8779 0.4018 -0.2604
vn 0.9204 -0.3510 0.1723
vn 0.9091 0.4145 -0.0412
vn -0.2991 0.9192 -0.2562
vn 0.8908 0.4036 0.2087
vn -0.3658 0.5467 -0.7532
vn 0.1828 0.3193 -0.9298
vn 0.5602 -0.0762 -0.8249
vn 0.2827 -0.2112 0.9357
vn -0.9486 0.3093 -0.0668
vn -0.1825 -0.3199 0.9297
vn -0.0518 -0.1406 0.9887
vn 0.9338 0.3417 0.1059
vn 0.4768 0.0659 0.8765
vn 0.2272 -0.0518 0.9725
vn 0.8945 0.2985 0.3328
vn -0.8906 -0.4040 -0.2087
vn -0.0791 0.1250 0.9890
vn -0.2626 -0.1098 -0.9586
vn -0.1197 0.9215 0.3694
vn -0.8769 0.4714 -0.0935
vn -0.8762 0.3524 -0.3288
vn -0.4517 0.2782 -0.8477
vn 0.0722 0.6774 -0.7321
vn -0.7451 -0.6539 -0.1312
vn 0.9004 -0.2373 -0.3647
vn 0.9278 -0.3538 -0.1180
vn 0.3091 0.2127 -0.9270
vn 0.2382 0.8966 0.3732
vn 0.2089 0.5693 -0.7952
vn 0.2510 0.7454 -0.6176
vn 0.2717 0.9535 0.1307
vn -0.9089 -0.4150 0.0412
vn 0.6185 0.2893 -0.7306
vn -0.6506 -0.4966 0.5746
vn -0.4484 -0.8819 -0.1453
vn -0.4149 -0.8270 -0.3793
vn 0.4147 0.1981 -0.8882
vn -0.8104 -0.4760 -0.3415
vn -0.0223 0.9479 -0.3178
vn -0.0520 -0.1351 -0.9895
vn 0.2597 0.7717 0.5805
vn 0.7129 0.3559 -0.6042
vn -0.7747 -0.3588 0.5207
vn -0.8712 -0.4003 0.2842
vn -0.8101 -0.3647 -0.4590
vn -0.6679 -0.2975 -0.6822
vn -0.0413 -0.0085 -0.9991
vn -0.4776 -0.2089 -0.8534
vn -0.5012 -0.3986 0.7680
vn -0.1844 0.0089 -0.9828
vn -0.6991 -0.0923 0.7091
vn -0.8631 -0.0611 0.5014
vn -0.0412 -0.0089 -0.9991
vn 0.1984 0.0666 -0.9779
vn 0.4776 0.2088 0.8534
vn 0.2626 0.1098 0.9586
vn 0.8103 0.3644 0.4589
vn 0.9935 0.1059 -0.0422
vn 0.9729 0.1035 0.2068
vn -0.4146 -0.1982 0.8882
vn -0.6184 -0.2896 0.7306
vn 0.6792 0.0738 -0.7302
vn 0.7749 0.3583 -0.5207
vn 0.7604 -0.4951 0.4202
vn 0.6439 -0.4357 0.6289
vn 0.0413 0.0085 0.9991
vn -0.4569 -0.0519 0.8880
vn -0.6789 -0.0771 0.7302
vn 0.0022 -0.0356 0.9994
vn -0.2259 0.1273 0.9658
vn 0.3927 -0.7462 0.5376
vn 0.2850 0.0298 0.9580
vn -0.6889 0.5090 0.5162
vn -0.7772 0.5605 0.2860
vn -0.7902 0.4405 -0.4262
vn -0.6722 0.3826 -0.6339
vn 0.0011 0.0413 -0.9991
vn 0.2436 -0.0978 -0.9649
vn 0.3022 -0.7696 -0.5625
vn 0.3372 -0.8837 -0.3246
vn 0.2935 -0.8640 0.4090
vn 0.2374 -0.7475 0.6204
vn -0.0124 -0.0773 0.9969
vn -0.0834 0.1837 0.9794
vn -0.1650 0.8132 0.5582
vn -0.1572 0.9329 0.3239
vn -0.1559 0.9061 -0.3933
vn -0.1502 0.7784 -0.6095
vn 0.5003 0.1538 0.8521
vn 0.2741 0.0824 0.9582
vn -0.2428 -0.1768 0.9538
vn -0.4856 -0.1412 0.8627
vn -0.9520 -0.3033 0.0417
vn -0.9325 -0.2960 -0.2071
vn -0.6971 -0.1531 -0.7004
vn -0.5209 -0.0073 -0.8536
vn -0.9927 -0.1131 0.0422
vn 0.4382 0.1415 -0.8877
vn 0.6515 0.2076 -0.7297
vn 0.8714 0.3998 -0.2842
vn 0.9534 0.2989 -0.0418
vn 0.9338 0.2918 0.2071
vn -0.9721 -0.1103 -0.2068
vn 0.6680 0.2973 0.6822
vn 0.0412 0.0088 0.9991
vn -0.1983 -0.0668 0.9779
vn 0.9452 -0.3207 0.0606
vn -0.3179 0.3913 0.8636
vn -0.2828 0.6520 0.7035
vn -0.2850 -0.0304 -0.9581
vn -0.8483 -0.2679 -0.4568
vn -0.6995 -0.2193 -0.6802
vn -0.5205 -0.0570 -0.8519
vn 0.0424 0.0035 0.9991
vn -0.0424 -0.0035 -0.9991
vn 0.2073 0.0237 -0.9780
vn -0.0601 0.3085 -0.9493
vn 0.8490 0.0914 -0.5204
vn 0.9533 0.1020 -0.2844
vn -0.2072 -0.0240 0.9780
vn 0.1289 -0.9677 0.2165
vn 0.8847 0.0940 0.4566
vn 0.7290 0.0774 0.6801
vn -0.9526 -0.1086 0.2843
vn 0.1015 -0.4362 -0.8941
vn -0.1864 -0.0951 0.9779
vn -0.0616 -0.0100 0.9980
vn -0.3082 -0.0105 0.9513
vn -0.9025 -0.0076 0.4305
vn -0.9828 -0.0055 0.1844
vn -0.8364 0.0022 -0.5481
vn -0.6569 0.0049 -0.7540
vn 0.4971 -0.7868 0.3657
vn -0.0903 0.3466 -0.9337
vn 0.2098 -0.3127 0.9264
vn 0.0441 -0.1923 -0.9804
vn 0.1495 -0.6498 -0.7452
vn -0.5847 -0.4984 0.6401
vn 0.5375 0.8301 0.1481
vn 0.1859 -0.8216 -0.5389
vn 0.2075 -0.9321 -0.2970
vn -0.8623 -0.5000 -0.0804
vn -0.8449 -0.4360 -0.3099
vn 0.9636 0.2643 -0.0404
vn 0.0252 0.4409 0.8972
vn -0.0251 0.1786 0.9836
vn -0.7555 0.5344 -0.3790
vn -0.6746 0.4383 -0.5939
vn -0.2499 0.9671 0.0472
vn -0.2472 0.9494 -0.1939
vn -0.1537 -0.7622 0.6288
vn -0.2906 -0.5755 0.7644
vn 0.0975 -0.5597 0.8230
vn 0.7343 -0.6316 -0.2486
vn 0.1320 0.1347 -0.9821
vn 0.3188 -0.0460 -0.9467
vn 0.4019 0.4181 -0.8147
vn 0.5931 0.4840 -0.6434
vn 0.8947 0.4418 0.0660
vn 0.8736 0.3856 0.2970
vn -0.8152 -0.1055 0.5695
vn -0.9295 0.0501 0.3653
vn -0.1652 -0.4888 0.8566
vn 0.3441 0.5207 -0.7813
vn 0.0617 0.0100 -0.9980
vn 0.7539 0.0093 -0.6569
vn 0.9981 0.0032 0.0616
vn 0.9513 0.0006 0.3083
vn 0.4306 -0.0072 0.9025
vn 0.1844 -0.0089 0.9828
vn -0.5480 -0.0103 0.8364
vn -0.7540 -0.0093 0.6569
vn 0.1126 -0.3855 -0.9158
vn 0.1315 -0.6189 -0.7744
vn 0.3081 0.0105 -0.9513
vn -0.9981 -0.0032 -0.0617
vn -0.9513 -0.0006 -0.3082
vn -0.4306 0.0072 -0.9025
vn -0.1705 -0.0565 -0.9837
vn 0.0206 -0.2468 -0.9689
vn 0.7867 -0.1228 -0.6049
vn 0.9160 -0.1120 -0.3852
vn 0.9399 0.0568 0.3368
vn 0.8274 0.0517 0.5593
vn 0.1204 0.0098 0.9927
vn -0.1540 -0.0000 0.9881
vn -0.2975 -0.0479 -0.9535
vn -0.2483 0.4788 -0.8421
vn 0.0636 0.6395 -0.7662
vn 0.1951 0.7700 -0.6075
vn 0.9466 0.2527 0.2003
vn 0.7821 0.6200 -0.0628
vn 0.8698 0.4721 0.1434
vn 0.6456 0.1195 0.7542
vn 0.4581 -0.0578 0.8870
vn -0.1802 -0.5299 0.8287
vn -0.3624 -0.6266 0.6900
vn -0.7313 -0.6806 0.0442
vn -0.7673 -0.6131 -0.1881
vn -0.6021 -0.1756 -0.7789
vn -0.4484 0.0461 -0.8927
vn 0.4689 0.2897 0.8344
vn -0.8789 0.4714 0.0734
vn 0.1607 0.4729 -0.8663
vn -0.4948 0.3230 -0.8068
vn -0.7603 0.4749 -0.4432
vn 0.0442 0.1794 -0.9828
vn 0.4110 0.3848 -0.8264
vn 0.1242 0.3493 -0.9288
vn -0.2884 0.2157 -0.9329
vn 0.0006 0.9848 -0.1738
vn 0.3927 0.0366 0.9189
vn 0.6646 0.1989 -0.7202
vn -0.1002 0.8274 0.5526
vn -0.1232 0.6628 0.7386
vn -0.1396 -0.0935 0.9858
vn -0.1239 -0.3493 0.9288
vn -0.0334 -0.9025 0.4294
vn 0.7484 -0.4233 -0.5106
vn 0.7855 -0.3345 -0.5206
vn -0.1697 -0.9780 -0.1212
vn -0.6722 0.4067 -0.6186
vn -0.0509 0.0959 -0.9941
vn -0.8481 0.4388 0.2970
vn -0.1431 -0.9214 -0.3613
vn 0.5273 0.1164 0.8417
vn 0.8336 -0.3783 0.4024
vn -0.1037 0.8378 -0.5360
vn -0.0282 -0.4290 -0.9029
vn 0.0307 -0.1671 -0.9855
vn 0.1063 -0.8274 -0.5514
vn 0.2064 0.8991 0.3860
vn 0.4399 0.6701 -0.5979
vn 0.4972 0.7772 0.3857
vn 0.8971 -0.4301 0.1016
vn 0.8264 -0.4747 0.3028
vn -0.0452 -0.1766 0.9832
vn -0.2974 -0.2942 0.9083
vn 0.2047 0.3570 0.9114
vn 0.0574 0.1305 0.9898
vn -0.3253 -0.5349 0.7798
vn -0.4005 -0.6972 0.5945
vn 0.4087 -0.4110 0.8149
vn 0.1864 0.0950 -0.9779
vn 0.4422 -0.1428 -0.8855
vn 0.3899 -0.4348 -0.8118
vn 0.1290 -0.9381 -0.3215
vn 0.0274 -0.9910 -0.1310
vn -0.3161 -0.8258 0.4670
vn -0.4135 -0.6567 0.6307
vn -0.5116 0.1298 0.8493
vn -0.4468 0.4270 0.7862
vn -0.1518 -0.9090 0.3883
vn -0.2597 -0.9539 0.1503
vn -0.4738 -0.7090 -0.5224
vn -0.4881 -0.5250 -0.6973
vn -0.2889 0.2181 -0.9322
vn -0.1648 0.4425 -0.8815
vn 0.5378 0.6428 -0.5455
vn 0.6798 0.6616 -0.3166
vn 0.7949 0.4629 0.3923
vn 0.7329 0.3315 0.5940
vn 0.2479 -0.1934 0.9493
vn 0.0360 -0.3511 0.9356
vn -0.5490 -0.6284 0.5511
vn -0.6965 -0.6397 0.3252
vn -0.8107 -0.4421 -0.3837
vn -0.7437 -0.3178 -0.5882
vn -0.2480 0.1935 -0.9492
vn -0.0364 0.3515 -0.9355
vn 0.0123 0.0771 -0.9970
vn 0.0961 -0.1779 -0.9793
vn 0.8493 0.2645 0.4569
vn 0.7002 0.2170 0.6802
vn 0.5656 -0.6952 0.4437
vn 0.4179 -0.6206 0.6635
vn 0.9742 0.0200 0.2250
vn 0.8966 -0.0414 0.4408
vn -0.8135 -0.2609 0.5197
vn -0.9134 -0.2919 0.2837
vn 0.5903 -0.5371 0.6025
vn -0.8485 -0.0966 0.5203
vn -0.8841 -0.0996 -0.4565
vn -0.7287 -0.0811 -0.6801
vn 0.5521 -0.1562 -0.8190
vn 0.5541 -0.4172 -0.7204
vn 0.1332 -0.5893 0.7969
vn 0.0817 -0.3509 0.9328
vn -0.1514 0.5817 -0.7992
vn 0.2255 0.8977 -0.3784
vn -0.2025 -0.9397 0.2757
vn -0.7330 -0.5371 0.4175
vn 0.2229 -0.8357 -0.5019
vn 0.5121 -0.6382 -0.5748
vn 0.4409 -0.8025 -0.4019
vn -0.2057 -0.8967 0.3920
vn -0.1922 -0.9717 0.1373
vn -0.4088 -0.3591 0.8390
vn -0.5062 -0.1159 0.8546
vn -0.1207 0.8036 0.5828
vn -0.5809 0.6147 0.5336
vn -0.5236 0.7770 0.3495
vn 0.3947 0.6549 -0.6445
vn 0.2921 0.5763 -0.7632
vn -0.5154 -0.1121 -0.8496
vn -0.3036 0.0381 -0.9520
vn 0.1999 0.5761 -0.7926
vn 0.2271 0.7593 -0.6098
vn 0.1428 0.9808 0.1326
vn 0.1021 0.9256 0.3644
vn -0.2757 -0.1469 0.9500
vn -0.2025 -0.5752 0.7925
vn -0.2456 -0.7537 0.6096
vn -0.2743 -0.9517 -0.1380
vn -0.2471 -0.8937 -0.3745
vn -0.0805 -0.4243 -0.9019
vn 0.0005 -0.1706 -0.9853
vn -0.7950 -0.0110 0.6066
vn -0.9234 -0.0102 0.3837
vn -0.0584 0.1012 -0.9931
vn 0.1385 -0.0891 -0.9863
vn 0.6034 -0.5881 -0.5386
vn 0.6723 -0.6694 -0.3162
vn 0.6866 -0.6217 0.3769
vn 0.0622 -0.0981 0.9932
vn -0.1447 0.0841 0.9859
vn 0.4590 0.1629 -0.8734
vn -0.6404 0.5532 0.5328
vn -0.7110 0.6308 0.3107
vn -0.6716 0.6380 -0.3767
vn -0.5697 0.5581 -0.6033
vn -0.7597 -0.5095 -0.4041
vn 0.1895 -0.0327 -0.9813
vn -0.2675 0.2720 -0.9244
vn 0.8923 -0.3426 -0.2940
vn -0.5887 0.5263 -0.6135
vn 0.6880 -0.3712 0.6235
vn -0.9707 0.1918 0.1451
vn -0.1892 0.0332 0.9814
vn -0.1834 -0.3737 -0.9092
vn 0.5323 0.3179 -0.7846
vn 0.2787 0.8776 -0.3901
vn 0.2862 0.9490 -0.1319
vn 0.1904 0.7898 0.5830
vn 0.1289 0.6322 0.7640
vn -0.0918 -0.1114 0.9895
vn -0.2228 -0.3393 0.9139
vn -0.4463 -0.8177 0.3635
vn -0.4608 -0.8808 0.1089
vn -0.3632 -0.7253 -0.5848
vn -0.2884 -0.5754 -0.7653
vn 0.0915 0.1116 -0.9895
vn 0.2277 0.3354 -0.9142
vn 0.8458 0.3730 -0.3816
vn 0.9197 0.3676 -0.1379
vn 0.8092 0.2407 0.5360
vn 0.6734 0.1647 0.7207
vn 0.6569 -0.0049 0.7540
vn -0.4887 -0.0259 -0.8720
vn -0.2359 0.0814 -0.9684
vn 0.8676 -0.4340 0.2427
vn 0.6364 0.2666 -0.7238
vn 0.8532 -0.5204 -0.0359
vn 0.8290 -0.5222 0.2002
vn 0.4699 -0.3364 0.8161
vn 0.2466 -0.1979 0.9487
vn -0.4162 0.2745 0.8668
vn -0.5702 0.4048 0.7149
vn -0.8399 0.5414 0.0384
vn -0.8477 0.4896 -0.2041
vn -0.4907 0.2974 -0.8190
vn -0.2564 0.1800 -0.9497
vn 0.1747 -0.4040 -0.8979
vn 0.2451 -0.6035 -0.7587
vn 0.3461 -0.9357 -0.0688
vn 0.3300 -0.9266 0.1803
vn 0.1615 -0.5697 0.8058
vn 0.0738 -0.3387 0.9380
vn -0.1323 0.4217 0.8970
vn -0.1592 0.6353 0.7557
vn -0.1506 0.9856 0.0766
vn -0.1521 0.9744 -0.1655
vn -0.1218 0.5859 -0.8012
vn -0.0653 0.3424 -0.9373
vn -0.1060 0.9371 0.3327
vn 0.0096 0.9885 0.1510
vn 0.2148 -0.9756 -0.0458
vn 0.2101 -0.9585 0.1929
vn 0.8145 0.2577 -0.5198
vn 0.9147 0.2879 -0.2838
vn -0.1038 0.4352 0.8943
vn -0.1585 0.6461 0.7466
vn 0.0548 0.4193 0.9062
vn -0.0238 0.1644 0.9861
vn -0.1119 -0.1107 0.9875
vn -0.2463 0.1255 0.9610
vn -0.4999 -0.1549 -0.8521
vn -0.2741 -0.0827 -0.9581
vn 0.4410 0.4337 -0.7858
vn 0.3123 -0.6708 -0.6726
vn -0.0849 -0.9938 0.0718
vn 0.8365 -0.0022 0.5480
vn 0.4204 -0.7310 -0.5375
vn 0.4836 -0.8207 -0.3044
vn 0.6362 -0.6702 0.3822
vn 0.6205 -0.5097 0.5960
vn 0.1725 0.0596 0.9832
vn -0.0366 0.2229 0.9742
vn -0.5821 0.5613 0.5883
vn 0.8193 0.1221 -0.5602
vn -0.2517 0.0046 0.9678
vn 0.2638 -0.6673 0.6966
vn 0.5795 -0.7933 0.1866
vn 0.6416 -0.7670 0.0030
vn 0.1090 -0.5457 0.8309
vn 0.7198 -0.4890 0.4928
vn 0.5799 -0.4690 0.6661
vn 0.3953 0.2334 -0.8884
vn 0.6849 -0.7023 -0.1943
vn 0.7014 -0.5776 -0.4176
vn -0.2113 0.3075 -0.9278
vn -0.0582 0.8120 -0.5808
vn -0.4493 0.8859 -0.1154
vn -0.5823 0.8124 0.0302
vn 0.5744 0.0811 -0.8146
vn -0.8039 0.2422 -0.5433
vn -0.4816 0.1324 0.8663
vn 0.2237 0.4886 -0.8433
vn -0.8399 0.5238 0.1423
vn -0.6577 0.2301 -0.7172
vn 0.6674 -0.3673 -0.6479
vn -0.7768 0.4963 0.3876
vn -0.6277 0.3963 0.6700
vn -0.0109 -0.1748 0.9845
vt 0.183215 0.605564
vt 0.183215 0.582911
vt 0.189656 0.582911
vt 0.189656 0.605564
vt 0.176941 0.605564
vt 0.176941 0.582911
vt 0.170616 0.621697
vt 0.170616 0.605564
vt 0.176941 0.621697
vt 0.139293 0.021898
vt 0.139293 0.001371
vt 0.147496 0.001371
vt 0.147496 0.021898
vt 0.129843 0.021898
vt 0.129843 0.001371
vt 0.095664 0.248825
vt 0.095664 0.021898
vt 0.101194 0.021898
vt 0.101194 0.248825
vt 0.020235 0.649090
vt 0.026775 0.649090
vt 0.026775 0.687284
vt 0.020235 0.687284
vt 0.026775 0.621697
vt 0.032833 0.621697
vt 0.032833 0.649090
vt 0.121582 0.248825
vt 0.121582 0.021898
vt 0.129843 0.248825
vt 0.114173 0.248825
vt 0.114173 0.021898
vt 0.256024 0.617822
vt 0.256024 0.597398
vt 0.259379 0.597398
vt 0.259379 0.617822
vt 0.252851 0.617822
vt 0.252851 0.597398
vt 0.274681 0.617822
vt 0.274681 0.597398
vt 0.281078 0.597398
vt 0.281078 0.617822
vt 0.268496 0.617822
vt 0.268496 0.597398
vt 0.064177 0.605564
vt 0.064177 0.582911
vt 0.072701 0.582911
vt 0.072701 0.605564
vt 0.314387 0.403813
vt 0.322166 0.403813
vt 0.322166 0.597398
vt 0.314387 0.597398
vt 0.079701 0.605564
vt 0.079701 0.621697
vt 0.072701 0.621697
vt 0.064177 0.621697
vt 0.038856 0.621697
vt 0.038856 0.605564
vt 0.045547 0.605564
vt 0.045547 0.621697
vt 0.032833 0.605564
vt 0.263481 0.617822
vt 0.263481 0.597398
vt 0.020235 0.621697
vt 0.026775 0.605564
vt 0.170616 0.649090
vt 0.176941 0.649090
vt 0.163491 0.649090
vt 0.163491 0.621697
vt 0.391200 0.672382
vt 0.397287 0.672382
vt 0.397287 0.838841
vt 0.391200 0.838841
vt 0.256024 0.403813
vt 0.259379 0.403813
vt 0.252851 0.403813
vt 0.085577 0.021898
vt 0.085577 0.001371
vt 0.090606 0.001371
vt 0.090606 0.021898
vt 0.079701 0.021898
vt 0.079701 0.001371
vt 0.054714 0.021898
vt 0.054714 0.001371
vt 0.064177 0.001371
vt 0.064177 0.021898
vt 0.045547 0.021898
vt 0.045547 0.001371
vt 0.026775 0.021898
vt 0.026775 0.001371
vt 0.032833 0.001371
vt 0.032833 0.021898
vt 0.020235 0.021898
vt 0.020235 0.001371
vt 0.072701 0.867065
vt 0.079701 0.867065
vt 0.079701 0.992390
vt 0.072701 0.992390
vt 0.020235 0.605564
vt 0.287266 0.403813
vt 0.293081 0.403813
vt 0.293081 0.597398
vt 0.287266 0.597398
vt 0.281078 0.403813
vt 0.170616 0.021898
vt 0.170616 0.001371
vt 0.176941 0.001371
vt 0.176941 0.021898
vt 0.163491 0.021898
vt 0.163491 0.001371
vt 0.170616 0.841058
vt 0.170616 0.815051
vt 0.176941 0.815051
vt 0.176941 0.841058
vt 0.155688 0.841058
vt 0.155688 0.867065
vt 0.147496 0.867065
vt 0.147496 0.841058
vt 0.107373 0.021898
vt 0.107373 0.001371
vt 0.114173 0.001371
vt 0.101194 0.001371
vt 0.287266 0.869339
vt 0.287266 0.854427
vt 0.293081 0.854427
vt 0.293081 0.869339
vt 0.281078 0.869339
vt 0.281078 0.854427
vt 0.263481 0.869339
vt 0.263481 0.854427
vt 0.268496 0.854427
vt 0.268496 0.869339
vt 0.259379 0.869339
vt 0.259379 0.854427
vt 0.249681 0.869339
vt 0.249681 0.854427
vt 0.252851 0.854427
vt 0.252851 0.869339
vt 0.246401 0.869339
vt 0.246401 0.854427
vt 0.314387 0.260938
vt 0.322166 0.260938
vt 0.322166 0.381667
vt 0.314387 0.381667
vt 0.293081 0.260938
vt 0.293081 0.381667
vt 0.287266 0.381667
vt 0.287266 0.260938
vt 0.330300 0.869339
vt 0.330300 0.854427
vt 0.338537 0.854427
vt 0.338537 0.869339
vt 0.322166 0.869339
vt 0.322166 0.854427
vt 0.263481 0.260938
vt 0.268496 0.260938
vt 0.268496 0.381667
vt 0.263481 0.381667
vt 0.299309 0.869339
vt 0.299309 0.854427
vt 0.306276 0.854427
vt 0.306276 0.869339
vt 0.274681 0.854427
vt 0.274681 0.838841
vt 0.281078 0.838841
vt 0.268496 0.838841
vt 0.274681 0.260938
vt 0.281078 0.260938
vt 0.281078 0.381667
vt 0.274681 0.381667
vt 0.370761 0.260938
vt 0.378363 0.260938
vt 0.378363 0.381667
vt 0.370761 0.381667
vt 0.256024 0.854427
vt 0.256024 0.838841
vt 0.259379 0.838841
vt 0.252851 0.838841
vt 0.299309 0.260938
vt 0.306276 0.260938
vt 0.306276 0.381667
vt 0.299309 0.381667
vt 0.338537 0.260938
vt 0.347348 0.260938
vt 0.347348 0.381667
vt 0.338537 0.381667
vt 0.391200 0.854427
vt 0.397287 0.854427
vt 0.384920 0.854427
vt 0.384920 0.838841
vt 0.362793 0.854427
vt 0.362793 0.838841
vt 0.370761 0.838841
vt 0.370761 0.854427
vt 0.355483 0.854427
vt 0.355483 0.838841
vt 0.330300 0.672382
vt 0.338537 0.672382
vt 0.338537 0.838841
vt 0.330300 0.838841
vt 0.347348 0.389809
vt 0.355483 0.381667
vt 0.355483 0.389809
vt 0.274681 0.672382
vt 0.268496 0.672382
vt 0.314387 0.389809
vt 0.322166 0.389809
vt 0.256024 0.672382
vt 0.252851 0.672382
vt 0.391200 0.651150
vt 0.397287 0.651150
vt 0.072701 0.384893
vt 0.079701 0.384893
vt 0.079701 0.582911
vt 0.274681 0.651150
vt 0.281078 0.651150
vt 0.281078 0.672382
vt 0.064177 0.649090
vt 0.072701 0.649090
vt 0.107373 0.384893
vt 0.114173 0.384893
vt 0.114173 0.582911
vt 0.107373 0.582911
vt 0.095664 0.384893
vt 0.101194 0.384893
vt 0.101194 0.582911
vt 0.095664 0.582911
vt 0.256024 0.651150
vt 0.259379 0.651150
vt 0.259379 0.672382
vt 0.384920 0.260938
vt 0.391200 0.260938
vt 0.391200 0.381667
vt 0.384920 0.381667
vt 0.090606 0.312899
vt 0.090606 0.294812
vt 0.095664 0.294812
vt 0.095664 0.312899
vt 0.054714 0.384893
vt 0.064177 0.384893
vt 0.054714 0.582911
vt 0.362793 0.103951
vt 0.362793 0.028896
vt 0.370761 0.028896
vt 0.370761 0.104169
vt 0.064177 0.346133
vt 0.064177 0.312899
vt 0.072701 0.312899
vt 0.072701 0.346133
vt 0.355483 0.103754
vt 0.355483 0.028896
vt 0.155688 0.312899
vt 0.155688 0.294812
vt 0.163491 0.294812
vt 0.163491 0.312899
vt 0.090606 0.384893
vt 0.090606 0.582911
vt 0.085577 0.582911
vt 0.085577 0.384893
vt 0.259187 0.381667
vt 0.259187 0.260938
vt 0.274681 0.028896
vt 0.274681 0.001557
vt 0.281078 0.001557
vt 0.281078 0.028896
vt 0.384920 0.672382
vt 0.384920 0.651150
vt 0.155688 0.001371
vt 0.155688 0.021898
vt 0.355483 0.260938
vt 0.045547 0.384893
vt 0.045547 0.582911
vt 0.026775 0.384893
vt 0.032833 0.384893
vt 0.032833 0.582911
vt 0.026775 0.582911
vt 0.020235 0.384893
vt 0.020235 0.582911
vt 0.121582 0.312899
vt 0.121582 0.294812
vt 0.129843 0.294812
vt 0.129843 0.312899
vt 0.064177 0.294812
vt 0.064177 0.274764
vt 0.072701 0.274764
vt 0.072701 0.294812
vt 0.322166 0.838841
vt 0.322166 0.672382
vt 0.085577 0.294812
vt 0.085577 0.274764
vt 0.090606 0.274764
vt 0.299309 0.672382
vt 0.299309 0.838841
vt 0.293081 0.838841
vt 0.293081 0.672382
vt 0.147496 0.312899
vt 0.147496 0.294812
vt 0.362793 0.260938
vt 0.362793 0.381667
vt 0.378363 0.389809
vt 0.384920 0.389809
vt 0.330300 0.260938
vt 0.330300 0.381667
vt 0.114173 0.621697
vt 0.114173 0.605564
vt 0.121582 0.605564
vt 0.121582 0.621697
vt 0.255776 0.387868
vt 0.259187 0.389809
vt 0.293081 0.389809
vt 0.299309 0.389809
vt 0.281078 0.389809
vt 0.274681 0.389809
vt 0.330300 0.389809
vt 0.249681 0.260938
vt 0.253056 0.260938
vt 0.253056 0.383149
vt 0.249681 0.384377
vt 0.121582 0.384893
vt 0.121582 0.582911
vt 0.268496 0.651150
vt 0.121582 0.346133
vt 0.129843 0.346133
vt 0.129843 0.384893
vt 0.114173 0.346133
vt 0.139293 0.384893
vt 0.147496 0.384893
vt 0.147496 0.582911
vt 0.139293 0.582911
vt 0.391200 0.389809
vt 0.397287 0.381667
vt 0.397287 0.389809
vt 0.252851 0.651150
vt 0.095664 0.346133
vt 0.101194 0.346133
vt 0.090606 0.346133
vt 0.139293 0.841058
vt 0.139293 0.815051
vt 0.147496 0.815051
vt 0.362793 0.672382
vt 0.370761 0.672382
vt 0.263481 0.672382
vt 0.263481 0.838841
vt 0.072701 0.841058
vt 0.064177 0.867065
vt 0.064177 0.841058
vt 0.155688 0.384893
vt 0.155688 0.582911
vt 0.249681 0.838841
vt 0.249681 0.672382
vt 0.246401 0.672382
vt 0.246401 0.838841
vt 0.378363 0.672382
vt 0.378363 0.838841
vt 0.347348 0.672382
vt 0.355483 0.672382
vt 0.347348 0.838841
vt 0.362793 0.389809
vt 0.370761 0.389809
vt 0.391200 0.633985
vt 0.391200 0.617822
vt 0.397287 0.617822
vt 0.397287 0.633985
vt 0.287266 0.838841
vt 0.287266 0.672382
vt 0.038856 0.346133
vt 0.038856 0.312899
vt 0.045547 0.312899
vt 0.045547 0.346133
vt 0.101194 0.841058
vt 0.101194 0.815051
vt 0.107373 0.815051
vt 0.107373 0.841058
vt 0.032833 0.346133
vt 0.032833 0.312899
vt 0.114173 0.312899
vt 0.114173 0.294812
vt 0.079701 0.312899
vt 0.079701 0.346133
vt 0.129843 0.841058
vt 0.129843 0.815051
vt 0.314387 0.672382
vt 0.314387 0.838841
vt 0.306276 0.838841
vt 0.306276 0.672382
vt 0.287266 0.651150
vt 0.293081 0.651150
vt 0.170616 0.384893
vt 0.176941 0.384893
vt 0.170616 0.582911
vt 0.163491 0.384893
vt 0.163491 0.582911
vt 0.263481 0.651150
vt 0.079701 0.294812
vt 0.079701 0.274764
vt 0.054714 0.621697
vt 0.054714 0.649090
vt 0.038856 0.649090
vt 0.246401 0.260938
vt 0.246401 0.383535
vt 0.378363 0.651150
vt 0.370761 0.651150
vt 0.129843 0.582911
vt 0.347348 0.651150
vt 0.355483 0.651150
vt 0.338537 0.651150
vt 0.314387 0.651150
vt 0.322166 0.651150
vt 0.306276 0.651150
vt 0.287266 0.633985
vt 0.293081 0.633985
vt 0.281078 0.633985
vt 0.263481 0.633985
vt 0.268496 0.633985
vt 0.259379 0.633985
vt 0.249681 0.651150
vt 0.249681 0.633985
vt 0.252851 0.633985
vt 0.246401 0.651150
vt 0.246401 0.633985
vt 0.378363 0.633985
vt 0.384920 0.633985
vt 0.370761 0.633985
vt 0.347348 0.633985
vt 0.355483 0.633985
vt 0.338537 0.633985
vt 0.183215 0.346133
vt 0.189656 0.346133
vt 0.189656 0.384893
vt 0.183215 0.384893
vt 0.274681 0.633985
vt 0.314387 0.633985
vt 0.322166 0.633985
vt 0.306276 0.633985
vt 0.391200 0.597398
vt 0.397287 0.597398
vt 0.384920 0.617822
vt 0.384920 0.597398
vt 0.287266 0.617822
vt 0.293081 0.617822
vt 0.330300 0.617822
vt 0.330300 0.597398
vt 0.338537 0.597398
vt 0.338537 0.617822
vt 0.322166 0.617822
vt 0.249681 0.617822
vt 0.246401 0.617822
vt 0.176941 0.346133
vt 0.155688 0.248825
vt 0.163491 0.248825
vt 0.147496 0.248825
vt 0.183215 0.621697
vt 0.189656 0.621697
vt 0.045547 0.248825
vt 0.038856 0.248825
vt 0.038856 0.021898
vt 0.032833 0.248825
vt 0.347348 0.617822
vt 0.347348 0.597398
vt 0.355483 0.597398
vt 0.355483 0.617822
vt 0.330300 0.633985
vt 0.299309 0.633985
vt 0.299309 0.617822
vt 0.306276 0.617822
vt 0.314387 0.617822
vt 0.306276 0.597398
vt 0.176941 0.687284
vt 0.170616 0.687284
vt 0.163491 0.815051
vt 0.163491 0.687284
vt 0.139293 0.687284
vt 0.147496 0.687284
vt 0.129843 0.687284
vt 0.107373 0.687284
vt 0.114173 0.687284
vt 0.114173 0.815051
vt 0.101194 0.687284
vt 0.090606 0.649090
vt 0.090606 0.687284
vt 0.085577 0.687284
vt 0.085577 0.649090
vt 0.079701 0.649090
vt 0.079701 0.687284
vt 0.183215 0.248825
vt 0.183215 0.021898
vt 0.189656 0.021898
vt 0.189656 0.248825
vt 0.176941 0.248825
vt 0.054714 0.992390
vt 0.054714 0.867065
vt 0.064177 0.992390
vt 0.045547 0.867065
vt 0.045547 0.992390
vt 0.263481 0.403813
vt 0.268496 0.403813
vt 0.147496 0.621697
vt 0.147496 0.605564
vt 0.155688 0.605564
vt 0.155688 0.621697
vt 0.249681 0.403813
vt 0.249681 0.597398
vt 0.090606 0.841058
vt 0.090606 0.867065
vt 0.085577 0.867065
vt 0.085577 0.841058
vt 0.246401 0.597398
vt 0.246401 0.403813
vt 0.038856 0.582911
vt 0.391200 0.028896
vt 0.391200 0.001557
vt 0.397287 0.001557
vt 0.397287 0.028896
vt 0.306276 0.403813
vt 0.163491 0.841058
vt 0.163491 0.867065
vt 0.095664 0.687284
vt 0.095664 0.649090
vt 0.101194 0.649090
vt 0.095664 0.815051
vt 0.038856 0.687284
vt 0.045547 0.649090
vt 0.045547 0.687284
vt 0.032833 0.687284
vt 0.170616 0.346133
vt 0.163491 0.346133
vt 0.155688 0.649090
vt 0.155688 0.687284
vt 0.147496 0.649090
vt 0.095664 0.621697
vt 0.095664 0.605564
vt 0.101194 0.605564
vt 0.101194 0.621697
vt 0.121582 0.687284
vt 0.121582 0.649090
vt 0.129843 0.649090
vt 0.114173 0.649090
vt 0.129843 0.605564
vt 0.129843 0.621697
vt 0.107373 0.649090
vt 0.391200 0.403813
vt 0.397287 0.403813
vt 0.384920 0.403813
vt 0.362793 0.403813
vt 0.370761 0.403813
vt 0.370761 0.597398
vt 0.362793 0.597398
vt 0.355483 0.403813
vt 0.330300 0.403813
vt 0.338537 0.403813
vt 0.299309 0.403813
vt 0.299309 0.597398
vt 0.163491 0.605564
vt 0.090606 0.605564
vt 0.378363 0.869339
vt 0.378363 0.854427
vt 0.384920 0.869339
vt 0.370761 0.869339
vt 0.347348 0.869339
vt 0.347348 0.854427
vt 0.355483 0.869339
vt 0.314387 0.869339
vt 0.314387 0.854427
vt 0.274681 0.403813
vt 0.268496 0.389809
vt 0.253056 0.388058
vt 0.338537 0.389809
vt 0.306276 0.389809
vt 0.255776 0.104341
vt 0.259187 0.104343
vt 0.255776 0.260938
vt 0.114173 0.841058
vt 0.253056 0.103342
vt 0.107373 0.621697
vt 0.090606 0.621697
vt 0.072701 0.815051
vt 0.079701 0.815051
vt 0.079701 0.841058
vt 0.139293 0.621697
vt 0.139293 0.649090
vt 0.378363 0.597398
vt 0.378363 0.403813
vt 0.054714 0.312899
vt 0.054714 0.294812
vt 0.026775 0.312899
vt 0.026775 0.294812
vt 0.032833 0.294812
vt 0.020235 0.312899
vt 0.020235 0.294812
vt 0.045547 0.294812
vt 0.322166 0.103419
vt 0.330300 0.103426
vt 0.293081 0.103769
vt 0.299309 0.103651
vt 0.347348 0.403813
vt 0.129843 0.867065
vt 0.121582 0.867065
vt 0.121582 0.841058
vt 0.114173 0.867065
vt 0.101194 0.867065
vt 0.095664 0.867065
vt 0.095664 0.841058
vt 0.090606 0.815051
vt 0.139293 0.312899
vt 0.139293 0.294812
vt 0.054714 0.841058
vt 0.045547 0.841058
vt 0.054714 0.346133
vt 0.085577 0.346133
vt 0.338537 0.103490
vt 0.274681 0.104144
vt 0.268496 0.104245
vt 0.170616 0.294812
vt 0.170616 0.312899
vt 0.139293 0.346133
vt 0.147496 0.346133
vt 0.281078 0.104020
vt 0.101194 0.312899
vt 0.107373 0.312899
vt 0.107373 0.346133
vt 0.085577 0.312899
vt 0.347348 0.103597
vt 0.314387 0.103460
vt 0.306276 0.103542
vt 0.287266 0.103890
vt 0.176941 0.294812
vt 0.176941 0.312899
vt 0.095664 0.992390
vt 0.090606 0.992390
vt 0.362793 0.633985
vt 0.362793 0.617822
vt 0.370761 0.617822
vt 0.293081 0.028896
vt 0.287266 0.028896
vt 0.391200 0.104802
vt 0.397287 0.105010
vt 0.397287 0.260938
vt 0.384920 0.104595
vt 0.249681 0.104243
vt 0.255776 0.028896
vt 0.255776 0.001557
vt 0.259187 0.001557
vt 0.259187 0.028896
vt 0.253056 0.028896
vt 0.253056 0.001557
vt 0.268496 0.028896
vt 0.268496 0.001557
vt 0.263481 0.104312
vt 0.038856 0.294812
vt 0.038856 0.274764
vt 0.045547 0.274764
vt 0.032833 0.274764
vt 0.378363 0.104389
vt 0.362793 0.001557
vt 0.370761 0.001557
vt 0.355483 0.001557
vt 0.183215 0.294812
vt 0.183215 0.274764
vt 0.189656 0.274764
vt 0.189656 0.294812
vt 0.176941 0.274764
vt 0.020235 0.841058
vt 0.020235 0.815051
vt 0.026775 0.815051
vt 0.026775 0.841058
vt 0.384920 0.028896
vt 0.384920 0.001557
vt 0.155688 0.274764
vt 0.163491 0.274764
vt 0.147496 0.274764
vt 0.121582 0.274764
vt 0.129843 0.274764
vt 0.114173 0.274764
vt 0.095664 0.274764
vt 0.101194 0.274764
vt 0.101194 0.294812
vt 0.072701 0.248825
vt 0.079701 0.248825
vt 0.064177 0.248825
vt 0.378363 0.617822
vt 0.330300 0.028896
vt 0.338537 0.028896
vt 0.322166 0.028896
vt 0.330300 0.001557
vt 0.338537 0.001557
vt 0.322166 0.001557
vt 0.246401 0.104144
vt 0.378363 0.028896
vt 0.293081 0.001557
vt 0.299309 0.001557
vt 0.299309 0.028896
vt 0.314387 0.028896
vt 0.306276 0.028896
vt 0.306276 0.001557
vt 0.378363 0.001557
vt 0.287266 0.001557
vt 0.263481 0.001557
vt 0.263481 0.028896
vt 0.249681 0.028896
vt 0.249681 0.001557
vt 0.246401 0.028896
vt 0.246401 0.001557
vt 0.347348 0.001557
vt 0.347348 0.028896
vt 0.085577 0.248825
vt 0.090606 0.248825
vt 0.170616 0.992390
vt 0.170616 0.867065
vt 0.176941 0.867065
vt 0.176941 0.992390
vt 0.163491 0.992390
vt 0.147496 0.992390
vt 0.139293 0.992390
vt 0.139293 0.867065
vt 0.129843 0.992390
vt 0.107373 0.992390
vt 0.107373 0.867065
vt 0.114173 0.992390
vt 0.101194 0.992390
vt 0.032833 0.815051
vt 0.032833 0.841058
vt 0.107373 0.248825
vt 0.183215 0.841058
vt 0.183215 0.867065
vt 0.072701 0.021898
vt 0.139293 0.605564
vt 0.121582 0.001371
vt 0.139293 0.248825
vt 0.183215 0.687284
vt 0.183215 0.649090
vt 0.189656 0.649090
vt 0.189656 0.687284
vt 0.085577 0.621697
vt 0.085577 0.605564
vt 0.054714 0.605564
vt 0.085577 0.992390
vt 0.038856 0.867065
vt 0.038856 0.992390
vt 0.032833 0.992390
vt 0.032833 0.867065
vt 0.183215 0.992390
vt 0.189656 0.867065
vt 0.189656 0.992390
vt 0.155688 0.992390
vt 0.121582 0.992390
vt 0.095664 0.001371
vt 0.274681 0.869339
vt 0.256024 0.869339
vt 0.391200 0.869339
vt 0.397287 0.869339
vt 0.038856 0.384893
vt 0.263481 0.389809
vt 0.287266 0.389809
vt 0.249681 0.388010
vt 0.038856 0.841058
vt 0.183215 0.312899
vt 0.189656 0.312899
vt 0.026775 0.346133
vt 0.020235 0.346133
vt 0.189656 0.841058
vt 0.072701 0.687284
vt 0.064177 0.815051
vt 0.064177 0.687284
vt 0.045547 0.815051
vt 0.038856 0.815051
vt 0.189656 0.815051
vt 0.183215 0.815051
vt 0.155688 0.815051
vt 0.362793 0.651150
vt 0.330300 0.651150
vt 0.299309 0.651150
vt 0.256024 0.633985
vt 0.246401 0.388311
vt 0.314387 0.001557
vt 0.026775 0.248825
vt 0.020235 0.248825
vt 0.054714 0.687284
vt 0.054714 0.815051
vt 0.155688 0.346133
vt 0.107373 0.605564
vt 0.362793 0.869339
vt 0.085577 0.815051
vt 0.026775 0.867065
vt 0.026775 0.992390
vt 0.020235 0.992390
vt 0.020235 0.867065
vt 0.107373 0.294812
vt 0.054714 0.274764
vt 0.026775 0.274764
vt 0.020235 0.274764
vt 0.170616 0.274764
vt 0.139293 0.274764
vt 0.107373 0.274764
vt 0.054714 0.248825
vt 0.170616 0.248825
vt 0.121582 0.815051
vt 0.072701 0.001371
vt 0.038856 0.001371
vt 0.183215 0.001371
vt 0.189656 0.001371
s 0
usemtl Pipes
f 157/1/1 181/2/1 180/3/1 156/4/1
f 158/5/2 182/6/2 181/2/2 157/1/2
f 135/7/3 159/8/3 158/5/3 134/9/3
f 355/10/4 379/11/4 378/12/4 354/13/4
f 356/14/5 380/15/5 379/11/5 355/10/5
f 337/16/6 361/17/6 360/18/6 336/19/6
f 108/20/7 107/21/7 83/22/7 84/23/7
f 107/21/8 131/24/8 130/25/8 106/26/8
f 333/27/9 357/28/9 356/14/9 332/29/9
f 333/27/10 334/30/10 358/31/10 357/28/10
f 513/32/11 537/33/11 536/34/11 512/35/11
f 514/36/12 538/37/12 537/33/12 513/32/12
f 509/38/13 533/39/13 532/40/13 508/41/13
f 510/42/14 534/43/14 533/39/14 509/38/14
f 150/44/15 174/45/15 173/46/15 149/47/15
f 575/48/16 574/49/16 550/50/16 551/51/16
f 149/47/17 148/52/17 124/53/17 125/54/17
f 126/55/18 150/44/18 149/47/18 125/54/18
f 129/56/19 153/57/19 152/58/19 128/59/19
f 130/25/20 154/60/20 153/57/20 129/56/20
f 511/61/21 535/62/21 534/43/21 510/42/21
f 108/20/22 132/63/22 131/24/22 107/21/22
f 131/24/23 155/64/23 154/60/23 130/25/23
f 111/65/24 135/7/24 134/9/24 110/66/24
f 112/67/25 136/68/25 135/7/25 111/65/25
f 445/69/26 444/70/26 420/71/26 421/72/26
f 561/73/27 560/74/27 536/34/27 537/33/27
f 561/73/28 537/33/28 538/37/28 562/75/28
f 339/76/29 363/77/29 386/78/29 362/79/29
f 340/80/30 364/81/30 363/77/30 339/76/30
f 343/82/31 367/83/31 366/84/31 342/85/31
f 344/86/32 368/87/32 367/83/32 343/82/32
f 347/88/33 371/89/33 370/90/33 346/91/33
f 348/92/34 372/93/34 371/89/34 347/88/34
f 29/94/35 28/95/35 4/96/35 5/97/35
f 132/63/36 156/98/36 155/64/36 131/24/36
f 555/99/37 578/100/37 554/101/37 531/102/37
f 555/99/38 531/102/38 532/40/38 556/103/38
f 351/104/39 375/105/39 374/106/39 350/107/39
f 352/108/40 376/109/40 375/105/40 351/104/40
f 729/110/41 63/111/41 62/112/41 738/113/41
f 732/114/42 41/115/42 42/116/42 744/117/42
f 359/118/43 383/119/43 382/120/43 358/31/43
f 360/18/44 384/121/44 383/119/44 359/118/44
f 363/122/45 387/123/45 410/124/45 386/125/45
f 364/126/46 388/127/46 387/123/46 363/122/46
f 367/128/47 391/129/47 390/130/47 366/131/47
f 368/132/48 392/133/48 391/129/48 367/128/48
f 371/134/49 395/135/49 394/136/49 370/137/49
f 372/138/50 396/139/50 395/135/50 371/134/50
f 646/140/51 645/141/51 621/142/51 622/143/51
f 649/144/52 625/145/52 602/146/52 626/147/52
f 381/148/53 405/149/53 404/150/53 380/151/53
f 405/149/54 381/148/54 382/152/54 406/153/54
f 630/154/55 629/155/55 605/156/55 606/157/55
f 385/158/56 409/159/56 408/160/56 384/161/56
f 386/125/57 410/124/57 409/159/57 385/158/57
f 389/162/58 413/163/58 412/164/58 388/127/58
f 390/130/59 414/165/59 413/163/59 389/162/59
f 628/166/60 627/167/60 603/168/60 604/169/60
f 639/170/61 638/171/61 614/172/61 615/173/61
f 393/174/62 417/175/62 416/176/62 392/133/62
f 394/136/63 418/177/63 417/175/63 393/174/63
f 648/178/64 647/179/64 623/180/64 624/181/64
f 643/182/65 642/183/65 618/184/65 619/185/65
f 397/186/66 421/72/66 420/71/66 396/187/66
f 398/188/67 422/189/67 421/72/67 397/186/67
f 401/190/68 425/191/68 424/192/68 400/193/68
f 402/194/69 426/195/69 425/191/69 401/190/69
f 453/196/70 452/197/70 428/198/70 429/199/70
f 594/200/71 618/184/71 617/201/71 593/202/71
f 437/203/72 413/163/72 414/165/72 438/204/72
f 598/205/73 622/143/73 621/142/73 597/206/73
f 441/207/74 417/175/74 418/177/74 442/208/74
f 445/69/75 469/209/75 468/210/75 444/70/75
f 197/211/76 196/212/76 172/213/76 173/46/76
f 437/203/77 461/214/77 460/215/77 436/216/77
f 102/217/78 126/55/78 125/54/78 101/218/78
f 215/219/79 214/220/79 190/221/79 191/222/79
f 217/223/80 216/224/80 192/225/80 193/226/80
f 441/207/81 465/227/81 464/228/81 440/229/81
f 637/230/82 636/231/82 612/232/82 613/233/82
f 266/234/83 290/235/83 289/236/83 265/237/83
f 199/238/84 198/239/84 174/45/84 175/240/84
f 664/241/85 688/242/85 687/243/85 663/244/85
f 222/245/86 246/246/86 245/247/86 221/248/86
f 665/249/87 689/250/87 688/242/87 664/241/87
f 647/179/88 646/140/88 622/143/88 623/180/88
f 257/251/89 281/252/89 280/253/89 256/254/89
f 218/255/90 194/256/90 171/257/90 195/258/90
f 196/212/91 195/258/91 171/257/91 172/213/91
f 626/147/92 602/146/92 603/168/92 627/167/92
f 638/171/93 637/230/93 613/233/93 614/172/93
f 630/154/94 606/157/94 607/259/94 631/260/94
f 676/261/95 700/262/95 699/263/95 675/264/95
f 446/265/96 470/266/96 469/209/96 445/69/96
f 354/13/97 378/12/97 377/267/97 353/268/97
f 642/183/98 641/269/98 617/201/98 618/184/98
f 216/224/99 215/219/99 191/222/99 192/225/99
f 200/270/100 199/238/100 175/240/100 176/271/100
f 203/272/101 202/273/101 178/274/101 179/275/101
f 204/276/102 203/272/102 179/275/102 180/277/102
f 261/278/103 285/279/103 284/280/103 260/281/103
f 270/282/104 294/283/104 293/284/104 269/285/104
f 453/196/105 429/199/105 430/286/105 454/287/105
f 267/288/106 291/289/106 314/290/106 290/235/106
f 457/291/107 433/292/107 434/293/107 458/294/107
f 258/295/108 282/296/108 281/252/108 257/251/108
f 640/297/109 639/170/109 615/173/109 616/298/109
f 641/269/110 640/297/110 616/298/110 617/201/110
f 590/299/111 614/172/111 613/233/111 589/300/111
f 644/301/112 643/182/112 619/185/112 620/302/112
f 645/141/113 644/301/113 620/302/113 621/142/113
f 142/303/114 166/304/114 165/305/114 141/306/114
f 608/307/115 607/259/115 584/308/115
f 601/309/116 625/145/116 624/181/116 600/310/116
f 604/169/117 603/168/117 580/311/117 581/312/117
f 597/206/118 621/142/118 620/302/118 596/313/118
f 634/314/119 633/315/119 609/316/119 610/317/119
f 214/220/120 213/318/120 189/319/120 190/221/120
f 438/204/121 462/320/121 461/214/121 437/203/121
f 406/153/122 430/286/122 429/199/122 405/149/122
f 237/321/123 236/322/123 212/323/123 213/318/123
f 237/321/124 213/318/124 214/220/124 238/324/124
f 211/325/125 210/326/125 186/327/125 187/328/125
f 588/329/126 612/232/126 611/330/126 587/331/126
f 442/208/127 466/332/127 465/227/127 441/207/127
f 410/124/128 434/293/128 433/292/128 409/159/128
f 241/333/129 240/334/129 216/224/129 217/223/129
f 241/333/130 217/223/130 218/255/130 242/335/130
f 724/336/131 67/337/131 66/338/131 744/117/131
f 449/339/132 448/340/132 424/192/132 425/191/132
f 439/341/133 438/204/133 414/165/133 415/342/133
f 725/343/134 29/94/134 30/344/134 737/345/134
f 186/327/135 210/326/135 209/346/135 185/347/135
f 419/348/136 443/349/136 442/208/136 418/177/136
f 444/350/137 443/349/137 419/348/137 420/351/137
f 447/352/138 446/265/138 422/189/138 423/353/138
f 448/340/139 447/352/139 423/353/139 424/192/139
f 451/354/140 450/355/140 426/195/140 427/356/140
f 427/356/141 428/198/141 452/197/141 451/354/141
f 592/357/142 616/298/142 615/173/142 591/358/142
f 446/265/143 445/69/143 421/72/143 422/189/143
f 493/359/144 517/360/144 516/361/144 492/362/144
f 450/355/145 449/339/145 425/191/145 426/195/145
f 458/294/146 434/293/146 411/363/146 435/364/146
f 225/365/147 249/366/147 248/367/147 224/368/147
f 742/369/148 72/370/148 71/371/148 730/372/148
f 226/373/149 250/374/149 249/366/149 225/365/149
f 262/375/150 286/376/150 285/279/150 261/278/150
f 221/248/151 245/247/151 244/377/151 220/378/151
f 736/379/152 68/380/152 67/337/152 724/336/152
f 455/381/153 454/287/153 430/286/153 431/382/153
f 455/381/154 431/382/154 432/383/154 456/384/154
f 435/364/155 459/385/155 482/386/155 458/294/155
f 436/216/156 460/215/156 459/385/156 435/364/156
f 207/387/157 206/388/157 182/6/157 183/389/157
f 208/390/158 207/387/158 183/389/158 184/391/158
f 439/341/159 463/392/159 462/320/159 438/204/159
f 440/229/160 464/228/160 463/392/160 439/341/160
f 268/393/161 292/394/161 291/289/161 267/288/161
f 127/395/162 126/55/162 102/217/162 103/396/162
f 106/26/163 130/25/163 129/56/163 105/397/163
f 635/398/164 634/314/164 610/317/164 611/399/164
f 447/352/165 471/400/165 470/266/165 446/265/165
f 448/340/166 472/401/166 471/400/166 447/352/166
f 212/323/167 211/325/167 187/328/167 188/402/167
f 451/354/168 475/403/168 474/404/168 450/355/168
f 452/197/169 476/405/169 475/403/169 451/354/169
f 455/381/170 479/406/170 478/407/170 454/287/170
f 456/384/171 480/408/171 479/406/171 455/381/171
f 459/385/172 483/409/172 506/410/172 482/386/172
f 460/215/173 484/411/173 483/409/173 459/385/173
f 463/392/174 487/412/174 486/413/174 462/320/174
f 464/228/175 488/414/175 487/412/175 463/392/175
f 467/415/176 491/416/176 490/417/176 466/332/176
f 468/418/177 492/419/177 491/416/177 467/415/177
f 471/400/178 495/420/178 494/421/178 470/266/178
f 472/401/179 496/422/179 495/420/179 471/400/179
f 475/403/180 499/423/180 498/424/180 474/404/180
f 476/405/181 500/425/181 499/423/181 475/403/181
f 229/426/182 228/427/182 204/428/182 205/429/182
f 485/430/183 509/38/183 508/41/183 484/411/183
f 486/413/184 510/42/184 509/38/184 485/430/184
f 479/406/185 503/431/185 502/432/185 478/407/185
f 480/408/186 504/433/186 503/431/186 479/406/186
f 517/360/187 541/434/187 540/435/187 516/361/187
f 518/436/188 542/437/188 541/434/188 517/360/188
f 483/409/189 507/438/189 530/439/189 506/410/189
f 484/411/190 508/41/190 507/438/190 483/409/190
f 494/421/191 518/436/191 517/360/191 493/359/191
f 487/412/192 511/61/192 510/42/192 486/413/192
f 488/414/193 512/35/193 511/61/193 487/412/193
f 525/440/194 549/441/194 548/442/194 524/443/194
f 526/444/195 550/50/195 549/441/195 525/440/195
f 491/416/196 515/445/196 514/36/196 490/417/196
f 492/419/197 516/446/197 515/445/197 491/416/197
f 206/388/198 230/447/198 229/426/198 205/429/198
f 329/448/199 353/268/199 352/108/199 328/449/199
f 329/448/200 330/450/200 354/13/200 353/268/200
f 133/451/201 157/1/201 156/4/201 132/452/201
f 344/86/202 320/453/202 321/454/202 345/455/202
f 321/454/203 322/456/203 346/91/203 345/455/203
f 523/457/204 547/458/204 546/459/204 522/460/204
f 547/458/205 523/457/205 524/443/205 548/442/205
f 501/461/206 525/440/206 524/443/206 500/425/206
f 502/432/207 526/444/207 525/440/207 501/461/207
f 505/462/208 529/463/208 528/464/208 504/433/208
f 506/410/209 530/439/209 529/463/209 505/462/209
f 527/465/210 551/51/210 550/50/210 526/444/210
f 551/51/211 527/465/211 528/464/211 552/466/211
f 86/467/212 62/112/212 63/111/212 87/468/212
f 63/111/213 64/469/213 88/470/213 87/468/213
f 67/337/214 91/471/214 90/472/214 66/338/214
f 68/380/215 92/473/215 91/471/215 67/337/215
f 71/371/216 95/474/216 94/475/216 70/476/216
f 72/370/217 96/477/217 95/474/217 71/371/217
f 122/478/218 98/479/218 75/480/218 99/481/218
f 100/482/219 99/481/219 75/480/219 76/483/219
f 325/484/220 349/485/220 348/486/220 324/487/220
f 326/488/221 350/107/221 349/485/221 325/484/221
f 7/489/222 31/490/222 30/344/222 6/491/222
f 32/492/223 31/490/223 7/489/223 8/493/223
f 559/494/224 558/495/224 534/43/224 535/62/224
f 138/496/225 162/497/225 161/498/225 137/499/225
f 559/494/226 535/62/226 536/34/226 560/74/226
f 563/500/227 562/75/227 538/37/227 539/501/227
f 745/502/228 50/503/228 27/504/228 722/505/228
f 540/506/229 564/507/229 563/500/229 539/501/229
f 153/57/230 177/508/230 176/271/230 152/58/230
f 154/60/231 178/274/231 177/508/231 153/57/231
f 684/509/232 708/510/232 707/511/232 683/512/232
f 576/513/233 575/48/233 551/51/233 552/466/233
f 741/514/234 40/515/234 41/115/234 732/114/234
f 617/201/235 616/298/235 592/357/235 593/202/235
f 97/516/236 121/517/236 120/518/236 96/477/236
f 97/516/237 96/477/237 72/370/237 73/519/237
f 81/520/238 105/397/238 104/521/238 80/522/238
f 106/26/239 105/397/239 81/520/239 82/523/239
f 231/524/240 230/447/240 206/388/240 207/387/240
f 232/525/241 231/524/241 207/387/241 208/390/241
f 113/526/242 112/67/242 88/470/242 89/527/242
f 90/472/243 114/528/243 113/526/243 89/527/243
f 145/529/244 169/530/244 168/531/244 144/532/244
f 93/533/245 117/534/245 116/535/245 92/473/245
f 94/475/246 118/536/246 117/534/246 93/533/246
f 141/306/247 165/305/247 164/537/247 140/538/247
f 119/539/248 118/536/248 94/475/248 95/474/248
f 120/518/249 119/539/249 95/474/249 96/477/249
f 499/423/250 523/457/250 522/460/250 498/424/250
f 500/425/251 524/443/251 523/457/251 499/423/251
f 565/540/252 564/541/252 540/435/252 541/434/252
f 566/542/253 565/540/253 541/434/253 542/437/253
f 569/543/254 568/544/254 544/545/254 545/546/254
f 570/547/255 569/543/255 545/546/255 546/459/255
f 573/548/256 572/549/256 548/442/256 549/441/256
f 574/49/257 573/548/257 549/441/257 550/50/257
f 577/550/258 576/513/258 552/466/258 553/551/258
f 577/550/259 553/551/259 554/101/259 578/100/259
f 161/498/260 185/347/260 184/391/260 160/552/260
f 162/497/261 186/327/261 185/347/261 161/498/261
f 165/305/262 189/319/262 188/402/262 164/537/262
f 166/304/263 190/221/263 189/319/263 165/305/263
f 169/530/264 193/226/264 192/225/264 168/531/264
f 170/553/265 194/256/265 193/226/265 169/530/265
f 375/554/266 399/555/266 398/188/266 374/556/266
f 376/557/267 400/193/267 399/555/267 375/554/267
f 379/558/268 403/559/268 402/194/268 378/560/268
f 380/151/269 404/150/269 403/559/269 379/558/269
f 383/561/270 407/562/270 406/153/270 382/152/270
f 384/161/271 408/160/271 407/562/271 383/561/271
f 557/563/272 581/312/272 580/311/272 556/103/272
f 558/495/273 582/564/273 581/312/273 557/563/273
f 561/73/274 608/307/274 584/308/274 560/74/274
f 562/75/275 585/565/275 608/307/275 561/73/275
f 565/540/276 588/329/276 587/331/276 564/541/276
f 566/542/277 589/300/277 588/329/277 565/540/277
f 569/543/278 592/357/278 591/358/278 568/544/278
f 570/547/279 593/202/279 592/357/279 569/543/279
f 573/548/280 596/313/280 595/566/280 572/549/280
f 574/49/281 597/206/281 596/313/281 573/548/281
f 577/550/282 600/310/282 599/567/282 576/513/282
f 578/100/283 601/309/283 600/310/283 577/550/283
f 145/529/284 144/532/284 120/518/284 121/517/284
f 604/169/285 581/312/285 582/564/285 605/156/285
f 141/306/286 140/538/286 116/535/286 117/534/286
f 608/307/287 585/565/287 609/316/287
f 656/568/288 655/569/288 631/260/288 632/570/288
f 730/372/289 71/371/289 70/476/289 739/571/289
f 656/568/290 632/570/290 633/315/290 657/572/290
f 144/532/291 143/573/291 119/539/291 120/518/291
f 146/574/292 170/553/292 169/530/292 145/529/292
f 725/343/293 53/575/293 52/576/293 734/577/293
f 613/233/294 612/232/294 588/329/294 589/300/294
f 140/538/295 139/578/295 115/579/295 116/535/295
f 134/9/296 158/5/296 157/1/296 133/451/296
f 543/580/297 567/581/297 566/542/297 542/437/297
f 247/582/298 271/583/298 270/282/298 246/246/298
f 251/584/299 275/585/299 274/586/299 250/374/299
f 252/587/300 276/588/300 275/585/300 251/584/300
f 248/367/301 272/589/301 271/583/301 247/582/301
f 669/590/302 668/591/302 644/301/302 645/141/302
f 544/545/303 568/544/303 567/581/303 543/580/303
f 673/592/304 672/593/304 648/178/304 649/144/304
f 572/549/305 571/594/305 547/458/305 548/442/305
f 736/379/306 44/595/306 45/596/306 727/597/306
f 727/597/307 45/596/307 46/598/307 739/571/307
f 742/369/308 48/599/308 49/600/308 733/601/308
f 745/502/309 74/602/309 73/519/309 733/601/309
f 259/603/310 283/604/310 282/296/310 258/295/310
f 737/345/311 30/344/311 31/490/311 728/605/311
f 728/605/312 31/490/312 32/492/312 740/606/312
f 722/505/313 27/504/313 28/95/313 734/577/313
f 200/270/314 224/368/314 223/607/314 199/238/314
f 195/258/315 219/608/315 242/335/315 218/255/315
f 196/212/316 220/378/316 219/608/316 195/258/316
f 199/238/317 223/607/317 222/245/317 198/239/317
f 668/591/318 667/609/318 643/182/318 644/301/318
f 652/610/319 628/166/319 629/155/319 653/611/319
f 256/254/320 280/253/320 279/612/320 255/613/320
f 235/614/321 259/603/321 258/295/321 234/615/321
f 236/322/322 260/281/322 259/603/322 235/614/322
f 652/610/323 651/616/323 627/167/323 628/166/323
f 260/281/324 284/280/324 283/604/324 259/603/324
f 437/203/325 436/216/325 412/164/325 413/163/325
f 240/334/326 264/617/326 263/618/326 239/619/326
f 441/207/327 440/229/327 416/176/327 417/175/327
f 244/377/328 268/393/328 267/288/328 243/620/328
f 666/621/329 665/249/329 641/269/329 642/183/329
f 643/182/330 667/609/330 666/621/330 642/183/330
f 646/140/331 670/622/331 669/590/331 645/141/331
f 647/179/332 671/623/332 670/622/332 646/140/332
f 626/147/333 650/624/333 673/592/333 649/144/333
f 672/593/334 671/623/334 647/179/334 648/178/334
f 255/613/335 279/612/335 278/625/335 254/626/335
f 25/627/336 26/628/336 50/503/336 49/600/336
f 497/629/337 521/630/337 520/631/337 496/422/337
f 498/424/338 522/460/338 521/630/338 497/629/338
f 697/632/339 673/592/339 650/624/339 674/633/339
f 651/616/340 675/264/340 674/633/340 650/624/340
f 660/634/341 659/635/341 635/636/341 636/231/341
f 660/634/342 636/231/342 637/230/342 661/637/342
f 658/638/343 657/572/343 633/315/343 634/314/343
f 680/639/344 704/640/344 703/641/344 679/642/344
f 681/643/345 705/644/345 704/640/345 680/639/345
f 664/241/346 663/244/346 639/170/346 640/297/346
f 664/241/347 640/297/347 641/269/347 665/249/347
f 677/645/348 701/646/348 700/262/348 676/261/348
f 654/647/349 653/611/349 629/155/349 630/154/349
f 273/648/350 297/649/350 296/650/350 272/589/350
f 274/586/351 298/651/351 297/649/351 273/648/351
f 662/652/352 661/637/352 637/230/352 638/171/352
f 688/242/353 712/653/353 711/654/353 687/243/353
f 689/250/354 713/655/354 712/653/354 688/242/354
f 277/656/355 301/657/355 300/658/355 276/659/355
f 278/625/356 302/660/356 301/657/356 277/656/356
f 735/661/357 60/662/357 59/663/357 723/664/357
f 685/665/358 709/666/358 708/510/358 684/509/358
f 281/252/359 305/667/359 304/668/359 280/253/359
f 282/296/360 306/669/360 305/667/360 281/252/360
f 285/279/361 309/670/361 308/671/361 284/280/361
f 286/376/362 310/672/362 309/670/362 285/279/362
f 289/236/363 313/673/363 312/674/363 288/675/363
f 290/235/364 314/290/364 313/673/364 289/236/364
f 293/284/365 317/676/365 316/677/365 292/394/365
f 294/283/366 318/678/366 317/676/366 293/284/366
f 297/649/367 321/454/367 320/453/367 296/650/367
f 298/651/368 322/456/368 321/454/368 297/649/368
f 301/657/369 325/484/369 324/487/369 300/658/369
f 302/660/370 326/488/370 325/484/370 301/657/370
f 305/667/371 329/448/371 328/449/371 304/668/371
f 306/669/372 330/450/372 329/448/372 305/667/372
f 309/670/373 333/27/373 332/29/373 308/671/373
f 310/672/374 334/30/374 333/27/374 309/670/374
f 660/634/375 684/509/375 683/512/375 659/635/375
f 661/637/376 685/665/376 684/509/376 660/634/376
f 495/420/377 519/679/377 518/436/377 494/421/377
f 496/422/378 520/631/378 519/679/378 495/420/378
f 668/591/379 692/680/379 691/681/379 667/609/379
f 669/590/380 693/682/380 692/680/380 668/591/380
f 503/431/381 527/465/381 526/444/381 502/432/381
f 504/433/382 528/464/382 527/465/382 503/431/382
f 692/680/383 716/683/383 715/684/383 691/681/383
f 652/610/384 676/261/384 675/264/384 651/616/384
f 653/611/385 677/645/385 676/261/385 652/610/385
f 631/260/386 655/569/386 654/647/386 630/154/386
f 680/639/387 679/642/387 655/569/387 656/568/387
f 657/572/388 681/643/388 680/639/388 656/568/388
f 693/682/389 717/685/389 716/683/389 692/680/389
f 635/398/390 659/686/390 658/638/390 634/314/390
f 662/652/391 686/687/391 685/665/391 661/637/391
f 663/244/392 687/243/392 686/687/392 662/652/392
f 104/521/393 128/59/393 127/395/393 103/396/393
f 521/630/394 545/546/394 544/545/394 520/631/394
f 522/460/395 546/459/395 545/546/395 521/630/395
f 697/632/396 721/688/396 720/689/396 696/690/396
f 670/622/397 694/691/397 693/682/397 669/590/397
f 671/623/398 695/692/398 694/691/398 670/622/398
f 696/690/399 720/689/399 719/693/399 695/692/399
f 686/687/400 710/694/400 709/666/400 685/665/400
f 721/688/401 697/632/401 674/633/401 698/695/401
f 698/695/402 674/633/402 675/264/402 699/263/402
f 530/439/403 554/101/403 553/551/403 529/463/403
f 702/696/404 701/646/404 677/645/404 678/697/404
f 702/696/405 678/697/405 679/642/405 703/641/405
f 687/243/406 711/654/406 710/694/406 686/687/406
f 107/21/407 106/26/407 82/523/407 83/22/407
f 682/698/408 706/699/408 705/644/408 681/643/408
f 706/699/409 682/698/409 683/700/409 707/701/409
f 691/681/410 715/684/410 714/702/410 690/703/410
f 315/704/411 339/76/411 362/79/411 338/705/411
f 639/170/412 663/244/412 662/652/412 638/171/412
f 15/706/413 39/707/413 38/708/413 14/709/413
f 39/707/414 15/706/414 16/710/414 40/515/414
f 42/116/415 18/711/415 19/712/415 43/713/415
f 43/713/416 19/712/416 20/714/416 44/595/416
f 23/715/417 47/716/417 46/598/417 22/717/417
f 23/715/418 24/718/418 48/599/418 47/716/418
f 723/664/419 59/663/419 58/719/419 743/720/419
f 335/721/420 336/19/420 360/18/420 359/118/420
f 726/722/421 37/723/421 38/708/421 738/113/421
f 338/705/422 362/79/422 361/17/422 337/16/422
f 316/677/423 340/80/423 339/76/423 315/704/423
f 136/68/424 160/552/424 159/8/424 135/7/424
f 223/607/425 247/582/425 246/246/425 222/245/425
f 317/676/426 341/724/426 340/80/426 316/677/426
f 318/678/427 342/85/427 341/724/427 317/676/427
f 139/578/428 163/725/428 162/497/428 138/496/428
f 140/538/429 164/537/429 163/725/429 139/578/429
f 632/570/430 631/260/430 607/259/430 608/307/430
f 155/64/431 179/275/431 178/274/431 154/60/431
f 156/98/432 180/277/432 179/275/432 155/64/432
f 357/28/433 381/726/433 380/15/433 356/14/433
f 358/31/434 382/120/434 381/726/434 357/28/434
f 331/727/435 355/10/435 354/13/435 330/450/435
f 331/727/436 332/29/436 356/14/436 355/10/436
f 85/728/437 109/729/437 108/730/437 84/731/437
f 86/467/438 110/66/438 109/729/438 85/728/438
f 109/729/439 133/451/439 132/452/439 108/730/439
f 512/35/440 536/34/440 535/62/440 511/61/440
f 554/101/441 530/439/441 507/438/441 531/102/441
f 531/102/442 507/438/442 508/41/442 532/40/442
f 123/732/443 147/733/443 170/553/443 146/574/443
f 124/53/444 148/52/444 147/733/444 123/732/444
f 151/734/445 150/44/445 126/55/445 127/395/445
f 128/59/446 152/58/446 151/734/446 127/395/446
f 113/526/447 137/499/447 136/68/447 112/67/447
f 114/528/448 138/496/448 137/499/448 113/526/448
f 110/66/449 134/9/449 133/451/449 109/729/449
f 219/608/450 243/620/450 266/234/450 242/335/450
f 50/503/451 26/628/451 3/735/451 27/504/451
f 29/94/452 5/97/452 6/491/452 30/344/452
f 33/736/453 32/492/453 8/493/453 9/737/453
f 33/736/454 9/737/454 10/738/454 34/739/454
f 13/740/455 37/723/455 36/741/455 12/742/455
f 13/740/456 14/709/456 38/708/456 37/723/456
f 17/743/457 41/115/457 40/515/457 16/710/457
f 17/743/458 18/711/458 42/116/458 41/115/458
f 557/563/459 556/103/459 532/40/459 533/39/459
f 557/563/460 533/39/460 534/43/460 558/495/460
f 28/95/461 27/504/461 3/735/461 4/96/461
f 21/744/462 45/596/462 44/595/462 20/714/462
f 21/744/463 22/717/463 46/598/463 45/596/463
f 25/627/464 49/600/464 48/599/464 24/718/464
f 361/17/465 385/745/465 384/121/465 360/18/465
f 362/79/466 386/78/466 385/745/466 361/17/466
f 365/746/467 389/162/467 388/127/467 364/126/467
f 366/131/468 390/130/468 389/162/468 365/746/468
f 369/747/469 393/174/469 392/133/469 368/132/469
f 370/137/470 394/136/470 393/174/470 369/747/470
f 373/748/471 397/186/471 396/187/471 372/749/471
f 374/556/472 398/188/472 397/186/472 373/748/472
f 649/144/473 648/178/473 624/181/473 625/145/473
f 529/463/474 553/551/474 552/466/474 528/464/474
f 387/123/475 411/363/475 434/293/475 410/124/475
f 388/127/476 412/164/476 411/363/476 387/123/476
f 633/315/477 632/570/477 608/307/477 609/316/477
f 391/129/478 415/342/478 414/165/478 390/130/478
f 392/133/479 416/176/479 415/342/479 391/129/479
f 395/135/480 419/348/480 418/177/480 394/136/480
f 396/139/481 420/351/481 419/348/481 395/135/481
f 399/555/482 423/353/482 422/189/482 398/188/482
f 400/193/483 424/192/483 423/353/483 399/555/483
f 403/559/484 427/356/484 426/195/484 402/194/484
f 404/150/485 428/198/485 427/356/485 403/559/485
f 407/562/486 431/382/486 430/286/486 406/153/486
f 408/160/487 432/383/487 431/382/487 407/562/487
f 443/349/488 467/415/488 466/332/488 442/208/488
f 596/313/489 620/302/489 619/185/489 595/566/489
f 146/574/490 145/529/490 121/517/490 122/478/490
f 600/310/491 624/181/491 623/180/491 599/567/491
f 142/303/492 141/306/492 117/534/492 118/536/492
f 265/237/493 289/236/493 288/675/493 264/617/493
f 99/481/494 123/732/494 146/574/494 122/478/494
f 218/255/495 217/223/495 193/226/495 194/256/495
f 457/291/496 456/384/496 432/383/496 433/292/496
f 198/239/497 197/211/497 173/46/497 174/45/497
f 444/350/498 468/418/498 467/415/498 443/349/498
f 629/155/499 628/166/499 604/169/499 605/156/499
f 201/750/500 200/270/500 176/271/500 177/508/500
f 202/273/501 201/750/501 177/508/501 178/274/501
f 205/429/502 204/428/502 180/3/502 181/2/502
f 182/6/503 206/388/503 205/429/503 181/2/503
f 209/346/504 208/390/504 184/391/504 185/347/504
f 269/285/505 293/284/505 292/394/505 268/393/505
f 583/751/506 606/157/506 605/156/506 582/564/506
f 235/614/507 234/615/507 210/326/507 211/325/507
f 622/143/508 598/205/508 599/567/508 623/180/508
f 625/145/509 601/309/509 579/752/509 602/146/509
f 618/184/510 594/200/510 595/566/510 619/185/510
f 236/322/511 235/614/511 211/325/511 212/323/511
f 636/231/512 635/636/512 611/330/512 612/232/512
f 610/317/513 609/316/513 585/565/513 586/753/513
f 436/216/514 435/364/514 411/363/514 412/164/514
f 239/619/515 238/324/515 214/220/515 215/219/515
f 240/334/516 239/619/516 215/219/516 216/224/516
f 213/318/517 212/323/517 188/402/517 189/319/517
f 440/229/518 439/341/518 415/342/518 416/176/518
f 220/378/519 244/377/519 243/620/519 219/608/519
f 224/368/520 248/367/520 247/582/520 223/607/520
f 740/606/521 32/492/521 33/736/521 731/754/521
f 731/754/522 33/736/522 34/739/522 743/720/522
f 253/755/523 277/656/523 276/659/523 252/756/523
f 254/626/524 278/625/524 277/656/524 253/755/524
f 227/757/525 251/584/525 250/374/525 226/373/525
f 228/758/526 252/587/526 251/584/526 227/757/526
f 231/524/527 255/613/527 254/626/527 230/447/527
f 232/525/528 256/254/528 255/613/528 231/524/528
f 735/759/529 36/741/529 37/723/529 726/722/529
f 627/167/530 651/616/530 650/624/530 626/147/530
f 52/576/531 53/575/531 77/760/531 76/483/531
f 53/575/532 54/761/532 78/762/532 77/760/532
f 56/763/533 57/764/533 81/520/533 80/522/533
f 57/764/534 58/719/534 82/523/534 81/520/534
f 85/728/535 84/731/535 60/765/535 61/766/535
f 86/467/536 85/728/536 61/766/536 62/112/536
f 89/527/537 88/470/537 64/469/537 65/767/537
f 90/472/538 89/527/538 65/767/538 66/338/538
f 449/339/539 473/768/539 472/401/539 448/340/539
f 450/355/540 474/404/540 473/768/540 449/339/540
f 453/196/541 477/769/541 476/405/541 452/197/541
f 454/287/542 478/407/542 477/769/542 453/196/542
f 457/291/543 481/770/543 480/408/543 456/384/543
f 458/294/544 482/386/544 481/770/544 457/291/544
f 461/214/545 485/430/545 484/411/545 460/215/545
f 462/320/546 486/413/546 485/430/546 461/214/546
f 465/227/547 489/771/547 488/414/547 464/228/547
f 466/332/548 490/417/548 489/771/548 465/227/548
f 469/209/549 493/359/549 492/362/549 468/210/549
f 470/266/550 494/421/550 493/359/550 469/209/550
f 473/768/551 497/629/551 496/422/551 472/401/551
f 474/404/552 498/424/552 497/629/552 473/768/552
f 477/769/553 501/461/553 500/425/553 476/405/553
f 478/407/554 502/432/554 501/461/554 477/769/554
f 481/770/555 505/462/555 504/433/555 480/408/555
f 482/386/556 506/410/556 505/462/556 481/770/556
f 313/673/557 337/16/557 336/19/557 312/674/557
f 314/290/558 338/705/558 337/16/558 313/673/558
f 682/698/559 681/643/559 657/572/559 658/638/559
f 683/700/560 682/698/560 658/638/560 659/686/560
f 515/445/561 539/501/561 538/37/561 514/36/561
f 516/446/562 540/506/562 539/501/562 515/445/562
f 489/771/563 513/32/563 512/35/563 488/414/563
f 490/417/564 514/36/564 513/32/564 489/771/564
f 690/703/565 689/250/565 665/249/565 666/621/565
f 691/681/566 690/703/566 666/621/566 667/609/566
f 564/507/567 587/772/567 586/753/567 563/500/567
f 690/703/568 714/702/568 713/655/568 689/250/568
f 694/691/569 718/773/569 717/685/569 693/682/569
f 695/692/570 719/693/570 718/773/570 694/691/570
f 101/218/571 100/482/571 76/483/571 77/760/571
f 102/217/572 101/218/572 77/760/572 78/762/572
f 347/88/573 346/91/573 322/456/573 323/774/573
f 323/774/574 324/775/574 348/92/574 347/88/574
f 335/721/575 359/118/575 358/31/575 334/30/575
f 149/47/576 173/46/576 172/213/576 148/52/576
f 59/663/577 60/662/577 84/23/577 83/22/577
f 137/499/578 161/498/578 160/552/578 136/68/578
f 56/763/579 80/522/579 79/776/579 55/777/579
f 103/396/580 102/217/580 78/762/580 79/776/580
f 104/521/581 103/396/581 79/776/581 80/522/581
f 233/778/582 232/525/582 208/390/582 209/346/582
f 234/615/583 233/778/583 209/346/583 210/326/583
f 111/65/584 110/66/584 86/467/584 87/468/584
f 112/67/585 111/65/585 87/468/585 88/470/585
f 571/594/586 570/547/586 546/459/586 547/458/586
f 115/579/587 114/528/587 90/472/587 91/471/587
f 116/535/588 115/579/588 91/471/588 92/473/588
f 98/479/589 97/516/589 73/519/589 74/602/589
f 98/479/590 122/478/590 121/517/590 97/516/590
f 143/573/591 167/779/591 166/304/591 142/303/591
f 144/532/592 168/531/592 167/779/592 143/573/592
f 147/733/593 171/257/593 194/256/593 170/553/593
f 148/52/594 172/213/594 171/257/594 147/733/594
f 151/734/595 175/240/595 174/45/595 150/44/595
f 152/58/596 176/271/596 175/240/596 151/734/596
f 741/514/597 64/469/597 63/111/597 729/110/597
f 159/8/598 183/389/598 182/6/598 158/5/598
f 160/552/599 184/391/599 183/389/599 159/8/599
f 163/725/600 187/328/600 186/327/600 162/497/600
f 164/537/601 188/402/601 187/328/601 163/725/601
f 167/779/602 191/222/602 190/221/602 166/304/602
f 168/531/603 192/225/603 191/222/603 167/779/603
f 377/780/604 401/190/604 400/193/604 376/557/604
f 378/560/605 402/194/605 401/190/605 377/780/605
f 555/99/606 579/752/606 601/309/606 578/100/606
f 556/103/607 580/311/607 579/752/607 555/99/607
f 559/494/608 583/751/608 582/564/608 558/495/608
f 560/74/609 584/308/609 583/751/609 559/494/609
f 563/500/610 586/753/610 585/565/610 562/75/610
f 567/581/611 590/299/611 589/300/611 566/542/611
f 568/544/612 591/358/612 590/299/612 567/581/612
f 52/576/613 76/483/613 75/480/613 51/781/613
f 571/594/614 594/200/614 593/202/614 570/547/614
f 572/549/615 595/566/615 594/200/615 571/594/615
f 575/48/616 598/205/616 597/206/616 574/49/616
f 576/513/617 599/567/617 598/205/617 575/48/617
f 405/149/618 429/199/618 428/198/618 404/150/618
f 602/146/619 579/752/619 580/311/619 603/168/619
f 409/159/620 433/292/620 432/383/620 408/160/620
f 606/157/621 583/751/621 584/308/621 607/259/621
f 143/573/622 142/303/622 118/536/622 119/539/622
f 611/399/623 610/317/623 586/753/623 587/772/623
f 139/578/624 138/496/624 114/528/624 115/579/624
f 615/173/625 614/172/625 590/299/625 591/358/625
f 239/619/626 263/618/626 262/375/626 238/324/626
f 243/620/627 267/288/627 290/235/627 266/234/627
f 197/211/628 221/248/628 220/378/628 196/212/628
f 198/239/629 222/245/629 221/248/629 197/211/629
f 201/750/630 225/365/630 224/368/630 200/270/630
f 202/273/631 226/373/631 225/365/631 201/750/631
f 229/426/632 253/755/632 252/756/632 228/427/632
f 230/447/633 254/626/633 253/755/633 229/426/633
f 233/778/634 257/251/634 256/254/634 232/525/634
f 234/615/635 258/295/635 257/251/635 233/778/635
f 237/321/636 261/278/636 260/281/636 236/322/636
f 238/324/637 262/375/637 261/278/637 237/321/637
f 241/333/638 265/237/638 264/617/638 240/334/638
f 242/335/639 266/234/639 265/237/639 241/333/639
f 245/247/640 269/285/640 268/393/640 244/377/640
f 246/246/641 270/282/641 269/285/641 245/247/641
f 249/366/642 273/648/642 272/589/642 248/367/642
f 250/374/643 274/586/643 273/648/643 249/366/643
f 35/782/644 11/783/644 12/784/644 36/785/644
f 263/618/645 287/786/645 286/376/645 262/375/645
f 264/617/646 288/675/646 287/786/646 263/618/646
f 105/397/647 129/56/647 128/59/647 104/521/647
f 100/482/648 124/53/648 123/732/648 99/481/648
f 271/583/649 295/787/649 294/283/649 270/282/649
f 272/589/650 296/650/650 295/787/650 271/583/650
f 275/585/651 299/788/651 298/651/651 274/586/651
f 276/588/652 300/789/652 299/788/652 275/585/652
f 279/612/653 303/790/653 302/660/653 278/625/653
f 280/253/654 304/668/654 303/790/654 279/612/654
f 283/604/655 307/791/655 306/669/655 282/296/655
f 284/280/656 308/671/656 307/791/656 283/604/656
f 287/786/657 311/792/657 310/672/657 286/376/657
f 288/675/658 312/674/658 311/792/658 287/786/658
f 291/289/659 315/704/659 338/705/659 314/290/659
f 292/394/660 316/677/660 315/704/660 291/289/660
f 295/787/661 319/793/661 318/678/661 294/283/661
f 296/650/662 320/453/662 319/793/662 295/787/662
f 299/788/663 323/774/663 322/456/663 298/651/663
f 300/789/664 324/775/664 323/774/664 299/788/664
f 303/790/665 327/794/665 326/488/665 302/660/665
f 304/668/666 328/449/666 327/794/666 303/790/666
f 307/791/667 331/727/667 330/450/667 306/669/667
f 308/671/668 332/29/668 331/727/668 307/791/668
f 311/792/669 335/721/669 334/30/669 310/672/669
f 312/674/670 336/19/670 335/721/670 311/792/670
f 93/533/671 92/473/671 68/380/671 69/795/671
f 94/475/672 93/533/672 69/795/672 70/476/672
f 343/82/673 342/85/673 318/678/673 319/793/673
f 320/453/674 344/86/674 343/82/674 319/793/674
f 654/647/675 678/697/675 677/645/675 653/611/675
f 655/569/676 679/642/676 678/697/676 654/647/676
f 327/794/677 351/104/677 350/107/677 326/488/677
f 327/794/678 328/449/678 352/108/678 351/104/678
f 203/272/679 227/757/679 226/373/679 202/273/679
f 228/758/680 227/757/680 203/272/680 204/276/680
f 519/679/681 543/580/681 542/437/681 518/436/681
f 543/580/682 519/679/682 520/631/682 544/545/682
f 672/593/683 696/690/683 695/692/683 671/623/683
f 673/592/684 697/632/684 696/690/684 672/593/684
f 74/602/685 51/781/685 75/480/685 98/479/685
f 78/762/686 54/761/686 55/777/686 79/776/686
f 82/523/687 58/719/687 59/663/687 83/22/687
f 11/783/688 35/782/688 34/739/688 10/738/688
f 341/724/689 365/796/689 364/81/689 340/80/689
f 342/85/690 366/84/690 365/796/690 341/724/690
f 345/455/691 369/797/691 368/87/691 344/86/691
f 346/91/692 370/90/692 369/797/692 345/455/692
f 349/485/693 373/798/693 372/799/693 348/486/693
f 350/107/694 374/106/694 373/798/694 349/485/694
f 353/268/695 377/267/695 376/109/695 352/108/695
f 125/54/696 124/53/696 100/482/696 101/218/696
f 40/515/697 741/514/697 729/110/697 39/707/697
f 60/765/698 735/759/698 726/722/698 61/766/698
f 57/764/699 731/754/699 743/720/699 58/719/699
f 56/763/700 740/606/700 731/754/700 57/764/700
f 61/766/701 726/722/701 738/113/701 62/112/701
f 35/782/702 723/664/702 743/720/702 34/739/702
f 36/785/703 735/661/703 723/664/703 35/782/703
f 51/781/704 722/505/704 734/577/704 52/576/704
f 55/777/705 728/605/705 740/606/705 56/763/705
f 54/761/706 737/345/706 728/605/706 55/777/706
f 50/503/707 745/502/707 733/601/707 49/600/707
f 72/370/708 742/369/708 733/601/708 73/519/708
f 69/795/709 727/597/709 739/571/709 70/476/709
f 68/380/710 736/379/710 727/597/710 69/795/710
f 29/94/711 725/343/711 734/577/711 28/95/711
f 47/716/712 730/372/712 739/571/712 46/598/712
f 64/469/713 741/514/713 732/114/713 65/767/713
f 74/602/714 745/502/714 722/505/714 51/781/714
f 44/595/715 736/379/715 724/336/715 43/713/715
f 48/599/716 742/369/716 730/372/716 47/716/716
f 53/575/717 725/343/717 737/345/717 54/761/717
f 43/713/718 724/336/718 744/117/718 42/116/718
f 65/767/719 732/114/719 744/117/719 66/338/719
f 39/707/720 729/110/720 738/113/720 38/708/720
o Prop_PipeRings
v 2.822408 0.103833 -6.150956
v 2.822408 0.118304 -6.150956
v 2.743906 -0.152051 -6.232368
v 2.757959 -0.148596 -6.232368
v 2.791004 -0.499118 -6.321655
v 2.785314 -0.485812 -6.321655
v 2.670093 -0.021093 -6.248159
v 2.672882 -0.008630 -6.241355
v 2.856255 -0.216612 -6.279563
v 2.870060 -0.217324 -6.283842
v 2.762836 -0.286685 -6.315042
v 2.777201 -0.285052 -6.314419
v 2.830702 0.118304 -6.177209
v 2.823913 0.118304 -6.178446
v 2.836971 0.118304 -6.174321
v 2.842324 0.118304 -6.169966
v 2.846426 0.118304 -6.164416
v 2.849019 0.118304 -6.158020
v 2.849940 0.118304 -6.151180
v 2.849130 0.118304 -6.144327
v 2.846642 0.118304 -6.137889
v 2.842632 0.118304 -6.132273
v 2.837350 0.118304 -6.127831
v 2.831130 0.118304 -6.124842
v 2.824361 0.118304 -6.123493
v 2.817470 0.118304 -6.123870
v 2.810889 0.118304 -6.125949
v 2.805032 0.118304 -6.129600
v 2.800267 0.118304 -6.134592
v 2.796893 0.118304 -6.140612
v 2.795123 0.118304 -6.147282
v 2.795066 0.118304 -6.154183
v 2.796728 0.118304 -6.160882
v 2.800003 0.118304 -6.166956
v 2.804686 0.118304 -6.172026
v 2.810483 0.118304 -6.175771
v 2.817029 0.118304 -6.177957
v 2.823913 0.103833 -6.178446
v 2.830702 0.103833 -6.177209
v 2.836971 0.103833 -6.174321
v 2.842324 0.103833 -6.169966
v 2.846426 0.103833 -6.164416
v 2.849019 0.103833 -6.158020
v 2.849940 0.103833 -6.151180
v 2.849130 0.103833 -6.144327
v 2.846642 0.103833 -6.137889
v 2.842632 0.103833 -6.132273
v 2.837350 0.103833 -6.127831
v 2.831130 0.103833 -6.124842
v 2.824361 0.103833 -6.123493
v 2.817470 0.103833 -6.123870
v 2.810889 0.103833 -6.125949
v 2.805032 0.103833 -6.129600
v 2.800267 0.103833 -6.134592
v 2.796893 0.103833 -6.140612
v 2.795123 0.103833 -6.147282
v 2.795066 0.103833 -6.154183
v 2.796728 0.103833 -6.160882
v 2.800003 0.103833 -6.166956
v 2.804686 0.103833 -6.172026
v 2.810483 0.103833 -6.175771
v 2.817029 0.103833 -6.177957
v 2.681242 0.002474 -6.265121
v 2.674591 0.004242 -6.265633
v 2.687369 0.000009 -6.263116
v 2.692585 -0.003000 -6.259744
v 2.696562 -0.006362 -6.255216
v 2.699052 -0.009867 -6.249817
v 2.699898 -0.013294 -6.243887
v 2.699046 -0.016428 -6.237798
v 2.696550 -0.019072 -6.231932
v 2.692567 -0.021059 -6.226658
v 2.687347 -0.022266 -6.222308
v 2.681219 -0.022616 -6.219154
v 2.674566 -0.022088 -6.217396
v 2.667808 -0.020713 -6.217143
v 2.661368 -0.018580 -6.218411
v 2.655652 -0.015821 -6.221121
v 2.651019 -0.012610 -6.225102
v 2.647759 -0.009149 -6.230105
v 2.646078 -0.005656 -6.235815
v 2.646081 -0.002349 -6.241872
v 2.647768 0.000562 -6.247898
v 2.651033 0.002897 -6.253511
v 2.655671 0.004507 -6.258362
v 2.661391 0.005291 -6.262144
v 2.667832 0.005201 -6.264619
v 2.671802 -0.008221 -6.272437
v 2.678453 -0.009989 -6.271925
v 2.684579 -0.012455 -6.269920
v 2.689795 -0.015463 -6.266548
v 2.693773 -0.018825 -6.262021
v 2.696263 -0.022330 -6.256622
v 2.697109 -0.025757 -6.250691
v 2.696257 -0.028891 -6.244602
v 2.693761 -0.031535 -6.238736
v 2.689778 -0.033523 -6.233462
v 2.684558 -0.034730 -6.229112
v 2.678429 -0.035080 -6.225958
v 2.671777 -0.034551 -6.224200
v 2.665019 -0.033176 -6.223947
v 2.658579 -0.031043 -6.225215
v 2.652863 -0.028284 -6.227925
v 2.648230 -0.025073 -6.231907
v 2.644970 -0.021613 -6.236909
v 2.643289 -0.018119 -6.242619
v 2.643292 -0.014813 -6.248677
v 2.644979 -0.011901 -6.254702
v 2.648244 -0.009566 -6.260316
v 2.652882 -0.007956 -6.265166
v 2.658602 -0.007172 -6.268948
v 2.665043 -0.007262 -6.271423
v 2.744266 -0.153512 -6.259859
v 2.745887 -0.160105 -6.258621
v 2.747383 -0.166192 -6.255733
v 2.748661 -0.171390 -6.251378
v 2.749640 -0.175373 -6.245828
v 2.750259 -0.177891 -6.239432
v 2.750479 -0.178786 -6.232592
v 2.750286 -0.178000 -6.225739
v 2.749692 -0.175584 -6.219301
v 2.748735 -0.171689 -6.213685
v 2.747474 -0.166560 -6.209243
v 2.745989 -0.160520 -6.206254
v 2.744373 -0.153947 -6.204905
v 2.742728 -0.147255 -6.205282
v 2.741156 -0.140865 -6.207361
v 2.739758 -0.135177 -6.211011
v 2.738621 -0.130550 -6.216003
v 2.737815 -0.127273 -6.222024
v 2.737392 -0.125554 -6.228694
v 2.737379 -0.125499 -6.235595
v 2.737775 -0.127113 -6.242293
v 2.738557 -0.130293 -6.248368
v 2.739676 -0.134841 -6.253438
v 2.741059 -0.140470 -6.257183
v 2.742622 -0.146827 -6.259369
v 2.759939 -0.156650 -6.258621
v 2.758318 -0.150057 -6.259859
v 2.761436 -0.162737 -6.255733
v 2.762714 -0.167935 -6.251378
v 2.763693 -0.171919 -6.245828
v 2.764312 -0.174436 -6.239432
v 2.764532 -0.175331 -6.232592
v 2.764339 -0.174545 -6.225739
v 2.763745 -0.172129 -6.219301
v 2.762787 -0.168234 -6.213685
v 2.761526 -0.163105 -6.209243
v 2.760041 -0.157065 -6.206254
v 2.758425 -0.150492 -6.204905
v 2.756780 -0.143800 -6.205282
v 2.755209 -0.137410 -6.207361
v 2.753811 -0.131722 -6.211011
v 2.752673 -0.127095 -6.216003
v 2.751868 -0.123819 -6.222024
v 2.751445 -0.122099 -6.228694
v 2.751431 -0.122044 -6.235595
v 2.751828 -0.123658 -6.242293
v 2.752610 -0.126838 -6.248368
v 2.753728 -0.131386 -6.253438
v 2.755112 -0.137015 -6.257183
v 2.756675 -0.143372 -6.259369
v 2.861972 -0.226960 -6.308332
v 2.861817 -0.220252 -6.309948
v 2.862635 -0.233062 -6.305178
v 2.863765 -0.238176 -6.300683
v 2.865290 -0.241979 -6.295130
v 2.867115 -0.244233 -6.288867
v 2.869125 -0.244797 -6.282290
v 2.871194 -0.243634 -6.275809
v 2.873191 -0.240818 -6.269834
v 2.874992 -0.236526 -6.264738
v 2.876483 -0.231027 -6.260843
v 2.877570 -0.224668 -6.258393
v 2.878186 -0.217847 -6.257542
v 2.878291 -0.210993 -6.258344
v 2.877879 -0.204537 -6.260748
v 2.876976 -0.198884 -6.264603
v 2.875638 -0.194391 -6.269667
v 2.873949 -0.191338 -6.275622
v 2.872016 -0.189918 -6.282093
v 2.869961 -0.190220 -6.288674
v 2.867912 -0.192225 -6.294952
v 2.865997 -0.195807 -6.300531
v 2.864338 -0.200741 -6.305062
v 2.863039 -0.206718 -6.308260
v 2.862180 -0.213360 -6.309924
v 2.848012 -0.219540 -6.305669
v 2.848167 -0.226248 -6.304053
v 2.848830 -0.232350 -6.300899
v 2.849959 -0.237464 -6.296404
v 2.851484 -0.241267 -6.290851
v 2.853309 -0.243521 -6.284588
v 2.855319 -0.244084 -6.278010
v 2.857388 -0.242922 -6.271530
v 2.859385 -0.240106 -6.265554
v 2.861187 -0.235814 -6.260458
v 2.862677 -0.230315 -6.256564
v 2.863765 -0.223956 -6.254114
v 2.864380 -0.217135 -6.253263
v 2.864486 -0.210281 -6.254065
v 2.864073 -0.203825 -6.256469
v 2.863170 -0.198172 -6.260324
v 2.861832 -0.193678 -6.265388
v 2.860144 -0.190626 -6.271343
v 2.858211 -0.189206 -6.277814
v 2.856155 -0.189508 -6.284395
v 2.854106 -0.191513 -6.290673
v 2.852192 -0.195095 -6.296252
v 2.850533 -0.200029 -6.300783
v 2.849233 -0.206006 -6.303981
v 2.848375 -0.212648 -6.305644
v 2.779388 -0.294458 -6.340202
v 2.778697 -0.287774 -6.341775
v 2.779942 -0.300551 -6.337009
v 2.780324 -0.305670 -6.332396
v 2.780509 -0.309494 -6.326654
v 2.780487 -0.311782 -6.320143
v 2.780258 -0.312390 -6.313272
v 2.779837 -0.311281 -6.306474
v 2.779251 -0.308523 -6.300174
v 2.778535 -0.304291 -6.294770
v 2.777736 -0.298850 -6.290600
v 2.776903 -0.292542 -6.287928
v 2.776089 -0.285764 -6.286919
v 2.775345 -0.278940 -6.287639
v 2.774718 -0.272501 -6.290041
v 2.774246 -0.266851 -6.293975
v 2.773961 -0.262344 -6.299193
v 2.773878 -0.259264 -6.305369
v 2.774005 -0.257804 -6.312113
v 2.774332 -0.258056 -6.319002
v 2.774840 -0.260005 -6.325603
v 2.775496 -0.263528 -6.331501
v 2.776259 -0.268403 -6.336326
v 2.777082 -0.274324 -6.339775
v 2.777911 -0.280919 -6.341630
v 2.764332 -0.289406 -6.342399
v 2.765023 -0.296090 -6.340825
v 2.765577 -0.302183 -6.337632
v 2.765958 -0.307302 -6.333019
v 2.766144 -0.311126 -6.327277
v 2.766121 -0.313414 -6.320766
v 2.765893 -0.314022 -6.313895
v 2.765472 -0.312913 -6.307096
v 2.764885 -0.310156 -6.300797
v 2.764170 -0.305924 -6.295393
v 2.763371 -0.300483 -6.291224
v 2.762538 -0.294175 -6.288550
v 2.761724 -0.287396 -6.287542
v 2.760980 -0.280573 -6.288261
v 2.760353 -0.274134 -6.290664
v 2.759881 -0.268483 -6.294598
v 2.759595 -0.263976 -6.299817
v 2.759513 -0.260896 -6.305992
v 2.759640 -0.259436 -6.312736
v 2.759967 -0.259689 -6.319625
v 2.760475 -0.261637 -6.326226
v 2.761131 -0.265160 -6.332124
v 2.761894 -0.270035 -6.336949
v 2.762716 -0.275956 -6.340397
v 2.763546 -0.282551 -6.342253
v 2.790796 -0.483469 -6.348534
v 2.784477 -0.486170 -6.349172
v 2.796770 -0.480914 -6.346207
v 2.802024 -0.478668 -6.342338
v 2.806229 -0.476870 -6.337168
v 2.809119 -0.475634 -6.331024
v 2.810513 -0.475038 -6.324292
v 2.810324 -0.475119 -6.317393
v 2.808564 -0.475872 -6.310763
v 2.805343 -0.477249 -6.304817
v 2.800863 -0.479164 -6.299929
v 2.795407 -0.481497 -6.296406
v 2.789316 -0.484102 -6.294469
v 2.782974 -0.486813 -6.294241
v 2.776779 -0.489462 -6.295735
v 2.771120 -0.491882 -6.298859
v 2.766353 -0.493920 -6.303414
v 2.762778 -0.495448 -6.309115
v 2.760618 -0.496372 -6.315605
v 2.760011 -0.496631 -6.322474
v 2.760993 -0.496211 -6.329293
v 2.763504 -0.495138 -6.335631
v 2.767385 -0.493479 -6.341091
v 2.772392 -0.491338 -6.345330
v 2.778212 -0.488849 -6.348081
v 2.790167 -0.499476 -6.349172
v 2.796485 -0.496775 -6.348534
v 2.802459 -0.494220 -6.346207
v 2.807714 -0.491974 -6.342338
v 2.811918 -0.490176 -6.337168
v 2.814808 -0.488940 -6.331024
v 2.816202 -0.488344 -6.324292
v 2.816014 -0.488425 -6.317393
v 2.814253 -0.489177 -6.310763
v 2.811032 -0.490555 -6.304817
v 2.806552 -0.492470 -6.299929
v 2.801096 -0.494803 -6.296406
v 2.795005 -0.497407 -6.294469
v 2.788663 -0.500119 -6.294241
v 2.782468 -0.502768 -6.295735
v 2.776809 -0.505187 -6.298859
v 2.772042 -0.507226 -6.303414
v 2.768467 -0.508754 -6.309115
v 2.766307 -0.509678 -6.315605
v 2.765700 -0.509937 -6.322474
v 2.766682 -0.509517 -6.329293
v 2.769193 -0.508444 -6.335631
v 2.773074 -0.506785 -6.341091
v 2.778081 -0.504644 -6.345330
v 2.783901 -0.502155 -6.348081
vn 0.1793 -0.0000 -0.9838
vn 0.4184 -0.0000 -0.9082
vn 0.6311 -0.0000 -0.7757
vn 0.8042 -0.0000 -0.5944
vn 0.9267 -0.0000 -0.3757
vn 0.9911 -0.0000 -0.1334
vn 0.9931 -0.0000 0.1172
vn 0.9328 -0.0000 0.3605
vn 0.8138 -0.0000 0.5812
vn 0.6437 -0.0000 0.7653
vn 0.4332 -0.0000 0.9013
vn 0.1954 -0.0000 0.9807
vn -0.0547 -0.0000 0.9985
vn -0.3013 -0.0000 0.9535
vn -0.5289 -0.0000 0.8487
vn -0.7234 -0.0000 0.6905
vn -0.8723 -0.0000 0.4889
vn -0.9665 -0.0000 0.2566
vn -1.0000 -0.0000 0.0082
vn -0.9706 -0.0000 -0.2408
vn -0.8802 -0.0000 -0.4746
vn -0.7345 -0.0000 -0.6786
vn -0.5427 -0.0000 -0.8400
vn -0.3168 -0.0000 -0.9485
vn -0.0709 -0.0000 -0.9975
vn 0.0428 -0.1741 -0.9838
vn 0.0999 -0.4063 -0.9083
vn 0.1507 -0.6129 -0.7757
vn 0.1920 -0.7809 -0.5944
vn 0.2212 -0.9000 -0.3757
vn 0.2366 -0.9624 -0.1334
vn 0.2371 -0.9644 0.1172
vn 0.2227 -0.9058 0.3605
vn 0.1943 -0.7903 0.5812
vn 0.1537 -0.6251 0.7653
vn 0.1034 -0.4206 0.9013
vn 0.0466 -0.1897 0.9807
vn -0.0130 0.0530 0.9985
vn -0.0719 0.2925 0.9536
vn -0.1263 0.5136 0.8487
vn -0.1727 0.7025 0.6905
vn -0.2083 0.8471 0.4889
vn -0.2308 0.9386 0.2566
vn -0.2387 0.9711 0.0082
vn -0.2317 0.9425 -0.2408
vn -0.2101 0.8548 -0.4746
vn -0.1754 0.7133 -0.6785
vn -0.1296 0.5269 -0.8400
vn -0.0756 0.3077 -0.9485
vn -0.0169 0.0689 -0.9975
vn 0.0850 0.0363 -0.9957
vn 0.3100 0.1326 -0.9414
vn 0.5156 0.2204 -0.8280
vn 0.6887 0.2944 -0.6626
vn 0.8186 0.3500 -0.4554
vn 0.8970 0.3835 -0.2198
vn 0.9191 0.3930 0.0297
vn 0.8834 0.3777 0.2774
vn 0.7922 0.3387 0.5076
vn 0.6512 0.2784 0.7060
vn 0.4694 0.2007 0.8599
vn 0.2580 0.1103 0.9598
vn 0.0304 0.0130 0.9995
vn -0.1990 -0.0851 0.9763
vn -0.4161 -0.1779 0.8917
vn -0.6069 -0.2595 0.7512
vn -0.7596 -0.3248 0.5635
vn -0.8646 -0.3697 0.3403
vn -0.9152 -0.3913 0.0958
vn -0.9084 -0.3884 -0.1548
vn -0.8445 -0.3610 -0.3957
vn -0.7275 -0.3111 -0.6116
vn -0.5647 -0.2415 -0.7892
vn -0.3666 -0.1567 -0.9171
vn -0.1454 -0.0621 -0.9874
vn 0.1843 0.4389 -0.8794
vn 0.4182 0.3614 -0.8334
vn 0.6258 0.2612 -0.7349
vn 0.7941 0.1446 -0.5903
vn 0.9125 0.0189 -0.4086
vn 0.9736 -0.1080 -0.2013
vn 0.9735 -0.2281 0.0188
vn 0.9122 -0.3339 0.2376
vn 0.7936 -0.4186 0.4415
vn 0.6251 -0.4772 0.6177
vn 0.4174 -0.5056 0.7551
vn 0.1834 -0.5024 0.8450
vn -0.0620 -0.4675 0.8818
vn -0.3036 -0.4033 0.8632
vn -0.5262 -0.3138 0.7904
vn -0.7156 -0.2045 0.6679
vn -0.8601 -0.0823 0.5035
vn -0.9505 0.0449 0.3074
vn -0.9812 0.1694 0.0919
vn -0.9503 0.2832 -0.1292
vn -0.8597 0.3793 -0.3423
vn -0.7150 0.4514 -0.5338
vn -0.5254 0.4953 -0.6918
vn -0.3028 0.5080 -0.8064
vn -0.0612 0.4888 -0.8703
vn -0.2989 -0.2300 -0.9261
vn -0.2840 -0.4644 -0.8389
vn -0.2512 -0.6698 -0.6988
vn -0.2025 -0.8330 -0.5148
vn -0.1412 -0.9439 -0.2986
vn -0.0710 -0.9954 -0.0636
vn 0.0036 -0.9845 0.1755
vn 0.0781 -0.9116 0.4035
vn 0.1476 -0.7815 0.6062
vn 0.2078 -0.6023 0.7708
vn 0.2550 -0.3853 0.8868
vn 0.2862 -0.1439 0.9473
vn 0.2994 0.1064 0.9482
vn 0.2938 0.3500 0.8895
vn 0.2697 0.5716 0.7749
vn 0.2287 0.7574 0.6117
vn 0.1733 0.8955 0.4100
vn 0.1070 0.9774 0.1825
vn 0.0340 0.9978 -0.0564
vn -0.0412 0.9556 -0.2918
vn -0.1137 0.8533 -0.5089
vn -0.1791 0.6974 -0.6939
vn -0.2333 0.4977 -0.8354
vn -0.2728 0.2668 -0.9244
vn -0.2951 0.0189 -0.9553
vn 0.0674 -0.2219 -0.9727
vn 0.0902 -0.4559 -0.8855
vn 0.1073 -0.6611 -0.7426
vn 0.1177 -0.8248 -0.5530
vn 0.1207 -0.9367 -0.3287
vn 0.1161 -0.9897 -0.0838
vn 0.1042 -0.9805 0.1664
vn 0.0858 -0.9098 0.4062
vn 0.0619 -0.7818 0.6205
vn 0.0342 -0.6048 0.7957
vn 0.0043 -0.3896 0.9210
vn -0.0258 -0.1501 0.9883
vn -0.0543 0.0988 0.9936
vn -0.0794 0.3416 0.9365
vn -0.0995 0.5629 0.8205
vn -0.1134 0.7489 0.6529
vn -0.1202 0.8877 0.4444
vn -0.1193 0.9709 0.2079
vn -0.1110 0.9929 -0.0417
vn -0.0957 0.9527 -0.2886
vn -0.0744 0.8525 -0.5174
vn -0.0485 0.6988 -0.7137
vn -0.0194 0.5011 -0.8652
vn 0.0108 0.2721 -0.9622
vn 0.0404 0.0258 -0.9989
vn -0.0000 1.0000 -0.0000
vn -0.0000 -1.0000 -0.0000
vn 0.1927 0.8613 0.4702
vn 0.1928 0.8612 0.4703
vn 0.1928 0.8612 0.4702
vn 0.1927 0.8612 0.4702
vn 0.1928 0.8613 0.4702
vn -0.1928 -0.8612 -0.4702
vn -0.1928 -0.8613 -0.4702
vn -0.1927 -0.8613 -0.4702
vn -0.1928 -0.8612 -0.4703
vn -0.1927 -0.8612 -0.4702
vn -0.9711 -0.2387 -0.0000
vn -0.9711 -0.2388 -0.0000
vn -0.9711 -0.2388 -0.0001
vn -0.9711 -0.2387 0.0001
vn 0.9711 0.2387 -0.0000
vn 0.9711 0.2388 -0.0000
vn 0.9711 0.2387 -0.0001
vn 0.9711 0.2388 0.0001
vn 0.9540 -0.0492 -0.2957
vn 0.9540 -0.0493 -0.2957
vn 0.9540 -0.0492 -0.2956
vn 0.9540 -0.0492 -0.2958
vn -0.9540 0.0492 0.2957
vn -0.9540 0.0491 0.2957
vn -0.9540 0.0493 0.2957
vn -0.9540 0.0492 0.2958
vn -0.9540 0.0492 0.2956
vn -0.9540 0.0493 0.2958
vn 0.9927 0.1128 0.0431
vn 0.9927 0.1128 0.0430
vn -0.9927 -0.1128 -0.0430
vn -0.9927 -0.1128 -0.0431
vn -0.3931 0.9195 -0.0000
vn -0.3932 0.9195 -0.0000
vn 0.3931 -0.9195 -0.0000
vn 0.3932 -0.9195 -0.0000
vt 0.892325 0.095801
vt 0.883464 0.095866
vt 0.883469 0.087892
vt 0.892330 0.087827
vt 0.883474 0.079918
vt 0.892335 0.079853
vt 0.883479 0.071944
vt 0.892340 0.071879
vt 0.883483 0.063970
vt 0.892345 0.063904
vt 0.883488 0.055995
vt 0.892350 0.055930
vt 0.883493 0.048021
vt 0.892354 0.047956
vt 0.883498 0.040047
vt 0.892359 0.039982
vt 0.883503 0.032073
vt 0.892364 0.032008
vt 0.883508 0.024099
vt 0.892369 0.024033
vt 0.883513 0.016124
vt 0.892374 0.016059
vt 0.883517 0.008150
vt 0.892379 0.008085
vt 0.883522 0.000176
vt 0.892383 0.000111
vt 0.892263 0.199466
vt 0.883401 0.199531
vt 0.883406 0.191557
vt 0.892268 0.191492
vt 0.883411 0.183583
vt 0.892272 0.183518
vt 0.883416 0.175609
vt 0.892277 0.175543
vt 0.883421 0.167634
vt 0.892282 0.167569
vt 0.883426 0.159660
vt 0.892287 0.159595
vt 0.883430 0.151686
vt 0.892292 0.151621
vt 0.883435 0.143712
vt 0.892296 0.143646
vt 0.883440 0.135737
vt 0.892301 0.135672
vt 0.883445 0.127763
vt 0.892306 0.127698
vt 0.883450 0.119789
vt 0.892311 0.119724
vt 0.883455 0.111815
vt 0.892316 0.111750
vt 0.883459 0.103841
vt 0.892321 0.103775
vt 0.947667 0.086229
vt 0.957801 0.086692
vt 0.957801 0.091303
vt 0.947667 0.090840
vt 0.957801 0.097332
vt 0.947667 0.096869
vt 0.957801 0.105068
vt 0.947667 0.104604
vt 0.957801 0.114334
vt 0.947667 0.113871
vt 0.957801 0.124726
vt 0.947667 0.124262
vt 0.957801 0.135713
vt 0.947667 0.135249
vt 0.957801 0.146708
vt 0.947667 0.146244
vt 0.957801 0.157122
vt 0.947667 0.156658
vt 0.957801 0.166421
vt 0.947667 0.165957
vt 0.957801 0.174193
vt 0.947667 0.173730
vt 0.957801 0.180247
vt 0.947667 0.179783
vt 0.957801 0.184835
vt 0.947667 0.184371
vt 0.957801 0.189005
vt 0.947667 0.188541
vt 0.957801 0.194156
vt 0.947667 0.193692
vt 0.957801 0.200728
vt 0.947667 0.200728
vt 0.947667 0.000320
vt 0.957801 0.000320
vt 0.957801 0.008796
vt 0.947667 0.008796
vt 0.957801 0.018872
vt 0.947667 0.018408
vt 0.957801 0.029609
vt 0.947667 0.029145
vt 0.957801 0.040674
vt 0.947667 0.040210
vt 0.957801 0.051472
vt 0.947667 0.051008
vt 0.957801 0.061434
vt 0.947667 0.060970
vt 0.957801 0.070074
vt 0.947667 0.069610
vt 0.957801 0.077069
vt 0.947667 0.076605
vt 0.957801 0.082404
vt 0.947667 0.081940
vt 0.905369 0.116725
vt 0.914952 0.116725
vt 0.914952 0.123651
vt 0.905369 0.123651
vt 0.914952 0.130893
vt 0.905369 0.130893
vt 0.914952 0.138697
vt 0.905369 0.138697
vt 0.914952 0.147125
vt 0.905369 0.147125
vt 0.914952 0.156078
vt 0.905369 0.156078
vt 0.914952 0.165342
vt 0.905369 0.165342
vt 0.914952 0.174644
vt 0.905369 0.174644
vt 0.914952 0.183697
vt 0.905369 0.183697
vt 0.914952 0.192247
vt 0.905369 0.192247
vt 0.914952 0.200123
vt 0.905369 0.200123
vt 0.905369 0.000386
vt 0.914952 0.000386
vt 0.914952 0.006814
vt 0.905369 0.006814
vt 0.914952 0.013398
vt 0.905369 0.013398
vt 0.914952 0.019721
vt 0.905369 0.019721
vt 0.914952 0.026199
vt 0.905369 0.026199
vt 0.914952 0.033187
vt 0.905369 0.033187
vt 0.914952 0.040872
vt 0.905369 0.040872
vt 0.914952 0.049256
vt 0.905369 0.049256
vt 0.914952 0.058199
vt 0.905369 0.058199
vt 0.914952 0.067463
vt 0.905369 0.067463
vt 0.914952 0.076765
vt 0.905369 0.076765
vt 0.914952 0.085824
vt 0.905369 0.085824
vt 0.914952 0.094405
vt 0.905369 0.094405
vt 0.914952 0.102375
vt 0.905369 0.102375
vt 0.914952 0.109749
vt 0.905369 0.109749
vt 0.935112 0.095909
vt 0.925278 0.095849
vt 0.925278 0.086819
vt 0.935112 0.086880
vt 0.925278 0.078623
vt 0.935112 0.078683
vt 0.925278 0.071362
vt 0.935112 0.071423
vt 0.925278 0.064904
vt 0.935112 0.064965
vt 0.925278 0.058828
vt 0.935112 0.058888
vt 0.925278 0.052538
vt 0.935112 0.052599
vt 0.925278 0.045542
vt 0.935112 0.045602
vt 0.925278 0.037620
vt 0.935112 0.037681
vt 0.925278 0.028815
vt 0.935112 0.028876
vt 0.925278 0.019349
vt 0.935112 0.019410
vt 0.925278 0.009553
vt 0.935112 0.009613
vt 0.925278 -0.000197
vt 0.935112 -0.000137
vt 0.935112 0.200990
vt 0.925278 0.200929
vt 0.925278 0.191598
vt 0.935112 0.191658
vt 0.925278 0.182997
vt 0.935112 0.183057
vt 0.925278 0.175316
vt 0.935112 0.175376
vt 0.925278 0.168547
vt 0.935112 0.168608
vt 0.925278 0.162409
vt 0.935112 0.162469
vt 0.925278 0.156361
vt 0.935112 0.156421
vt 0.925278 0.149821
vt 0.935112 0.149881
vt 0.925278 0.142422
vt 0.935112 0.142482
vt 0.925278 0.134080
vt 0.935112 0.134141
vt 0.925278 0.124937
vt 0.935112 0.124997
vt 0.925278 0.115273
vt 0.935112 0.115334
vt 0.925278 0.105450
vt 0.935112 0.105511
vt 0.988288 0.098000
vt 0.977274 0.098298
vt 0.977274 0.093551
vt 0.988288 0.093252
vt 0.977274 0.087226
vt 0.988288 0.086928
vt 0.977274 0.079167
vt 0.988288 0.078869
vt 0.977274 0.069615
vt 0.988288 0.069317
vt 0.977274 0.059017
vt 0.988288 0.058719
vt 0.977274 0.047926
vt 0.988288 0.047628
vt 0.977274 0.036942
vt 0.988288 0.036643
vt 0.977274 0.026654
vt 0.988288 0.026356
vt 0.977274 0.017588
vt 0.988288 0.017290
vt 0.977274 0.010130
vt 0.988288 0.009832
vt 0.977274 0.004416
vt 0.988288 0.004118
vt 0.977274 0.000060
vt 0.988288 -0.000238
vt 0.988288 0.200314
vt 0.977274 0.200612
vt 0.977274 0.196373
vt 0.988288 0.196075
vt 0.977274 0.190907
vt 0.988288 0.190609
vt 0.977274 0.183713
vt 0.988288 0.183415
vt 0.977274 0.174869
vt 0.988288 0.174572
vt 0.977274 0.164736
vt 0.988288 0.164438
vt 0.977274 0.153820
vt 0.988288 0.153522
vt 0.977274 0.142706
vt 0.988288 0.142408
vt 0.977274 0.131996
vt 0.988288 0.131698
vt 0.977274 0.122254
vt 0.988288 0.121956
vt 0.977274 0.113947
vt 0.988288 0.113649
vt 0.977274 0.107357
vt 0.988288 0.107059
vt 0.977274 0.102408
vt 0.988288 0.102110
vt 0.964080 0.092511
vt 0.974577 0.092858
vt 0.974577 0.097595
vt 0.964080 0.097248
vt 0.974577 0.103888
vt 0.964080 0.103542
vt 0.974577 0.111914
vt 0.964080 0.111567
vt 0.974577 0.121437
vt 0.964080 0.121090
vt 0.974577 0.132017
vt 0.964080 0.131671
vt 0.974577 0.143103
vt 0.964080 0.142757
vt 0.974577 0.154097
vt 0.964080 0.153750
vt 0.974577 0.164408
vt 0.964080 0.164061
vt 0.974577 0.173511
vt 0.964080 0.173164
vt 0.974577 0.181015
vt 0.964080 0.180668
vt 0.974577 0.186778
vt 0.964080 0.186431
vt 0.974577 0.191166
vt 0.964080 0.190819
vt 0.974577 0.195395
vt 0.964080 0.195048
vt 0.974577 0.200818
vt 0.964080 0.200471
vt 0.964080 -0.000238
vt 0.974577 0.000109
vt 0.974577 0.007252
vt 0.964080 0.006905
vt 0.974577 0.016051
vt 0.964080 0.015704
vt 0.974577 0.026151
vt 0.964080 0.025805
vt 0.974577 0.037051
vt 0.964080 0.036704
vt 0.974577 0.048167
vt 0.964080 0.047820
vt 0.974577 0.058900
vt 0.964080 0.058553
vt 0.974577 0.068683
vt 0.964080 0.068336
vt 0.974577 0.077046
vt 0.964080 0.076699
vt 0.974577 0.083702
vt 0.964080 0.083355
vt 0.974577 0.088714
vt 0.964080 0.088367
vt 0.788708 0.079263
vt 0.796455 0.103217
vt 0.790253 0.104400
vt 0.802167 0.100529
vt 0.807032 0.096504
vt 0.810743 0.091397
vt 0.813067 0.085527
vt 0.813858 0.079263
vt 0.813067 0.072999
vt 0.810743 0.067129
vt 0.807032 0.062021
vt 0.802167 0.057997
vt 0.796455 0.055309
vt 0.790253 0.054126
vt 0.783952 0.054522
vt 0.777947 0.056473
vt 0.772617 0.059856
vt 0.768295 0.064458
vt 0.765253 0.069991
vt 0.763683 0.076106
vt 0.763683 0.082420
vt 0.765253 0.088535
vt 0.768295 0.094067
vt 0.772617 0.098670
vt 0.777948 0.102053
vt 0.783952 0.104004
vt 0.840358 0.079901
vt 0.856430 0.060494
vt 0.860752 0.065097
vt 0.863794 0.070629
vt 0.865364 0.076744
vt 0.865364 0.083058
vt 0.863794 0.089173
vt 0.860752 0.094705
vt 0.856430 0.099308
vt 0.851100 0.102691
vt 0.845095 0.104642
vt 0.838794 0.105038
vt 0.832593 0.103855
vt 0.826880 0.101167
vt 0.822015 0.097143
vt 0.818304 0.092035
vt 0.815980 0.086165
vt 0.815189 0.079901
vt 0.815980 0.073637
vt 0.818304 0.067767
vt 0.822015 0.062659
vt 0.826880 0.058635
vt 0.832593 0.055947
vt 0.838794 0.054764
vt 0.845095 0.055160
vt 0.851100 0.057111
vt 0.733590 0.131411
vt 0.715123 0.148229
vt 0.711388 0.143045
vt 0.720019 0.152357
vt 0.725767 0.155169
vt 0.732009 0.156488
vt 0.738350 0.156232
vt 0.744392 0.154417
vt 0.749757 0.151156
vt 0.754106 0.146655
vt 0.757167 0.141196
vt 0.758747 0.135122
vt 0.758747 0.128816
vt 0.757167 0.122672
vt 0.754106 0.117079
vt 0.749757 0.112385
vt 0.744392 0.108888
vt 0.738349 0.106806
vt 0.732008 0.106270
vt 0.725767 0.107314
vt 0.720019 0.109873
vt 0.715123 0.113784
vt 0.711388 0.118804
vt 0.709050 0.124616
vt 0.708253 0.130855
vt 0.709050 0.137130
vt 0.730999 0.026431
vt 0.707931 0.017023
vt 0.710924 0.011508
vt 0.715176 0.006931
vt 0.720421 0.003579
vt 0.726330 0.001663
vt 0.732530 0.001302
vt 0.738632 0.002521
vt 0.744253 0.005241
vt 0.749040 0.009293
vt 0.752692 0.014422
vt 0.754979 0.020305
vt 0.755757 0.026573
vt 0.754979 0.032832
vt 0.752692 0.038688
vt 0.749040 0.043774
vt 0.744253 0.047770
vt 0.738632 0.050425
vt 0.732530 0.051573
vt 0.726330 0.051140
vt 0.720422 0.049155
vt 0.715176 0.045742
vt 0.710924 0.041115
vt 0.707931 0.035565
vt 0.706386 0.029442
vt 0.706386 0.023129
vt 0.735822 0.183282
vt 0.737391 0.158139
vt 0.743678 0.159281
vt 0.749470 0.161931
vt 0.754401 0.165922
vt 0.758164 0.171005
vt 0.760520 0.176860
vt 0.761322 0.183118
vt 0.760520 0.189387
vt 0.758164 0.195272
vt 0.754401 0.200405
vt 0.749470 0.204461
vt 0.743678 0.207187
vt 0.737391 0.208412
vt 0.731002 0.208057
vt 0.724915 0.206146
vt 0.719511 0.202799
vt 0.715129 0.198225
vt 0.712045 0.192713
vt 0.710454 0.186609
vt 0.710454 0.180295
vt 0.712045 0.174170
vt 0.715129 0.168617
vt 0.719511 0.163986
vt 0.724915 0.160568
vt 0.731003 0.158577
vt 0.732282 0.078419
vt 0.724670 0.054417
vt 0.730753 0.053275
vt 0.719066 0.057067
vt 0.714294 0.061059
vt 0.710654 0.066142
vt 0.708374 0.071996
vt 0.707598 0.078254
vt 0.708374 0.084523
vt 0.710654 0.090409
vt 0.714294 0.095541
vt 0.719066 0.099597
vt 0.724670 0.102324
vt 0.730753 0.103548
vt 0.736934 0.103193
vt 0.742824 0.101282
vt 0.748053 0.097935
vt 0.752293 0.093361
vt 0.755276 0.087849
vt 0.756816 0.081745
vt 0.756816 0.075431
vt 0.755276 0.069306
vt 0.752293 0.063753
vt 0.748053 0.059122
vt 0.742824 0.055704
vt 0.736934 0.053713
vt 0.786707 0.130938
vt 0.794767 0.154597
vt 0.788320 0.156013
vt 0.800706 0.151695
vt 0.805763 0.147490
vt 0.809621 0.142246
vt 0.812038 0.136293
vt 0.812860 0.130005
vt 0.812038 0.123776
vt 0.809621 0.117999
vt 0.805763 0.113036
vt 0.800706 0.109198
vt 0.794767 0.106728
vt 0.788320 0.105781
vt 0.781769 0.106415
vt 0.775527 0.108591
vt 0.769985 0.112173
vt 0.765492 0.116934
vt 0.762329 0.122577
vt 0.760697 0.128747
vt 0.760697 0.135055
vt 0.762329 0.141106
vt 0.765492 0.146519
vt 0.769985 0.150954
vt 0.775527 0.154133
vt 0.781769 0.155855
vt 0.840740 0.026599
vt 0.842275 0.001515
vt 0.848472 0.002932
vt 0.854181 0.005833
vt 0.859043 0.010038
vt 0.862751 0.015282
vt 0.865074 0.021235
vt 0.865865 0.027523
vt 0.865074 0.033752
vt 0.862751 0.039530
vt 0.859043 0.044493
vt 0.854181 0.048330
vt 0.848472 0.050800
vt 0.842275 0.051748
vt 0.835978 0.051114
vt 0.829977 0.048937
vt 0.824650 0.045356
vt 0.820331 0.040594
vt 0.817292 0.034951
vt 0.815723 0.028782
vt 0.815723 0.022473
vt 0.817292 0.016423
vt 0.820331 0.011010
vt 0.824650 0.006574
vt 0.829977 0.003396
vt 0.835978 0.001673
vt 0.787244 0.182773
vt 0.795056 0.206483
vt 0.788808 0.207860
vt 0.800810 0.203617
vt 0.805711 0.199442
vt 0.809449 0.194221
vt 0.811790 0.188281
vt 0.812588 0.181996
vt 0.811790 0.175761
vt 0.809449 0.169967
vt 0.805711 0.164979
vt 0.800810 0.161110
vt 0.795056 0.158602
vt 0.788808 0.157615
vt 0.782461 0.158209
vt 0.776412 0.160348
vt 0.771042 0.163896
vt 0.766688 0.168631
vt 0.763624 0.174256
vt 0.762043 0.180417
vt 0.762043 0.186727
vt 0.763624 0.192789
vt 0.766688 0.198223
vt 0.771042 0.202687
vt 0.776412 0.205901
vt 0.782461 0.207662
vt 0.788260 0.025865
vt 0.789827 0.000777
vt 0.796091 0.002154
vt 0.801861 0.005021
vt 0.806774 0.009195
vt 0.810522 0.014417
vt 0.812870 0.020356
vt 0.813669 0.026641
vt 0.812870 0.032877
vt 0.810522 0.038670
vt 0.806774 0.043659
vt 0.801861 0.047528
vt 0.796091 0.050035
vt 0.789827 0.051022
vt 0.783463 0.050428
vt 0.777398 0.048290
vt 0.772014 0.044741
vt 0.767649 0.040006
vt 0.764577 0.034381
vt 0.762991 0.028220
vt 0.762991 0.021910
vt 0.764577 0.015848
vt 0.767649 0.010414
vt 0.772014 0.005950
vt 0.777398 0.002737
vt 0.783463 0.000976
vt 0.840076 0.183376
vt 0.856254 0.203419
vt 0.850892 0.206461
vt 0.860602 0.199118
vt 0.863661 0.193830
vt 0.865241 0.187886
vt 0.865241 0.181661
vt 0.863661 0.175545
vt 0.860602 0.169922
vt 0.856254 0.165147
vt 0.850892 0.161518
vt 0.844852 0.159264
vt 0.838513 0.158527
vt 0.832274 0.159353
vt 0.826528 0.161690
vt 0.821634 0.165391
vt 0.817901 0.170223
vt 0.815563 0.175884
vt 0.814767 0.182017
vt 0.815563 0.188236
vt 0.817901 0.194152
vt 0.821634 0.199393
vt 0.826528 0.203628
vt 0.832274 0.206593
vt 0.838513 0.208100
vt 0.844851 0.208055
vt 0.839861 0.131936
vt 0.831957 0.107846
vt 0.838283 0.106891
vt 0.844710 0.107511
vt 0.850834 0.109667
vt 0.856272 0.113223
vt 0.860680 0.117956
vt 0.863783 0.123569
vt 0.865384 0.129709
vt 0.865384 0.135990
vt 0.863783 0.142018
vt 0.860680 0.147413
vt 0.856272 0.151837
vt 0.850834 0.155011
vt 0.844710 0.156737
vt 0.838283 0.156906
vt 0.831957 0.155507
vt 0.826130 0.152629
vt 0.821168 0.148451
vt 0.817383 0.143237
vt 0.815012 0.137314
vt 0.814205 0.131054
vt 0.815012 0.124851
vt 0.817383 0.119094
vt 0.821168 0.114145
vt 0.826130 0.110316
s 0
usemtl Pipes
f 783/800/721 759/801/721 758/802/721 784/803/721
f 784/803/722 758/802/722 760/804/722 785/805/722
f 785/805/723 760/804/723 761/806/723 786/807/723
f 786/807/724 761/806/724 762/808/724 787/809/724
f 787/809/725 762/808/725 763/810/725 788/811/725
f 788/811/726 763/810/726 764/812/726 789/813/726
f 789/813/727 764/812/727 765/814/727 790/815/727
f 790/815/728 765/814/728 766/816/728 791/817/728
f 791/817/729 766/816/729 767/818/729 792/819/729
f 792/819/730 767/818/730 768/820/730 793/821/730
f 793/821/731 768/820/731 769/822/731 794/823/731
f 794/823/732 769/822/732 770/824/732 795/825/732
f 795/826/733 770/827/733 771/828/733 796/829/733
f 796/829/734 771/828/734 772/830/734 797/831/734
f 797/831/735 772/830/735 773/832/735 798/833/735
f 798/833/736 773/832/736 774/834/736 799/835/736
f 799/835/737 774/834/737 775/836/737 800/837/737
f 800/837/738 775/836/738 776/838/738 801/839/738
f 801/839/739 776/838/739 777/840/739 802/841/739
f 802/841/740 777/840/740 778/842/740 803/843/740
f 803/843/741 778/842/741 779/844/741 804/845/741
f 804/845/742 779/844/742 780/846/742 805/847/742
f 805/847/743 780/846/743 781/848/743 806/849/743
f 806/849/744 781/848/744 782/850/744 807/851/744
f 807/851/745 782/850/745 759/801/745 783/800/745
f 858/852/746 884/853/746 883/854/746 859/855/746
f 859/855/747 883/854/747 885/856/747 860/857/747
f 860/857/748 885/856/748 886/858/748 861/859/748
f 861/859/749 886/858/749 887/860/749 862/861/749
f 862/861/750 887/860/750 888/862/750 863/863/750
f 863/863/751 888/862/751 889/864/751 864/865/751
f 864/865/752 889/864/752 890/866/752 865/867/752
f 865/867/753 890/866/753 891/868/753 866/869/753
f 866/869/754 891/868/754 892/870/754 867/871/754
f 867/871/755 892/870/755 893/872/755 868/873/755
f 868/873/756 893/872/756 894/874/756 869/875/756
f 869/875/757 894/874/757 895/876/757 870/877/757
f 870/877/758 895/876/758 896/878/758 871/879/758
f 871/879/759 896/878/759 897/880/759 872/881/759
f 872/881/760 897/880/760 898/882/760 873/883/760
f 873/884/761 898/885/761 899/886/761 874/887/761
f 874/887/762 899/886/762 900/888/762 875/889/762
f 875/889/763 900/888/763 901/890/763 876/891/763
f 876/891/764 901/890/764 902/892/764 877/893/764
f 877/893/765 902/892/765 903/894/765 878/895/765
f 878/895/766 903/894/766 904/896/766 879/897/766
f 879/897/767 904/896/767 905/898/767 880/899/767
f 880/899/768 905/898/768 906/900/768 881/901/768
f 881/901/769 906/900/769 907/902/769 882/903/769
f 882/903/770 907/902/770 884/853/770 858/852/770
f 1033/904/771 1009/905/771 1008/906/771 1034/907/771
f 1034/907/772 1008/906/772 1010/908/772 1035/909/772
f 1035/909/773 1010/908/773 1011/910/773 1036/911/773
f 1036/911/774 1011/910/774 1012/912/774 1037/913/774
f 1037/913/775 1012/912/775 1013/914/775 1038/915/775
f 1038/915/776 1013/914/776 1014/916/776 1039/917/776
f 1039/917/777 1014/916/777 1015/918/777 1040/919/777
f 1040/919/778 1015/918/778 1016/920/778 1041/921/778
f 1041/921/779 1016/920/779 1017/922/779 1042/923/779
f 1042/923/780 1017/922/780 1018/924/780 1043/925/780
f 1043/926/781 1018/927/781 1019/928/781 1044/929/781
f 1044/929/782 1019/928/782 1020/930/782 1045/931/782
f 1045/931/783 1020/930/783 1021/932/783 1046/933/783
f 1046/933/784 1021/932/784 1022/934/784 1047/935/784
f 1047/935/785 1022/934/785 1023/936/785 1048/937/785
f 1048/937/786 1023/936/786 1024/938/786 1049/939/786
f 1049/939/787 1024/938/787 1025/940/787 1050/941/787
f 1050/941/788 1025/940/788 1026/942/788 1051/943/788
f 1051/943/789 1026/942/789 1027/944/789 1052/945/789
f 1052/945/790 1027/944/790 1028/946/790 1053/947/790
f 1053/947/791 1028/946/791 1029/948/791 1054/949/791
f 1054/949/792 1029/948/792 1030/950/792 1055/951/792
f 1055/951/793 1030/950/793 1031/952/793 1056/953/793
f 1056/953/794 1031/952/794 1032/954/794 1057/955/794
f 1057/955/795 1032/954/795 1009/905/795 1033/904/795
f 833/956/796 809/957/796 808/958/796 834/959/796
f 834/959/797 808/958/797 810/960/797 835/961/797
f 835/961/798 810/960/798 811/962/798 836/963/798
f 836/963/799 811/962/799 812/964/799 837/965/799
f 837/965/800 812/964/800 813/966/800 838/967/800
f 838/967/801 813/966/801 814/968/801 839/969/801
f 839/969/802 814/968/802 815/970/802 840/971/802
f 840/971/803 815/970/803 816/972/803 841/973/803
f 841/973/804 816/972/804 817/974/804 842/975/804
f 842/975/805 817/974/805 818/976/805 843/977/805
f 843/977/806 818/976/806 819/978/806 844/979/806
f 844/979/807 819/978/807 820/980/807 845/981/807
f 845/982/808 820/983/808 821/984/808 846/985/808
f 846/985/809 821/984/809 822/986/809 847/987/809
f 847/987/810 822/986/810 823/988/810 848/989/810
f 848/989/811 823/988/811 824/990/811 849/991/811
f 849/991/812 824/990/812 825/992/812 850/993/812
f 850/993/813 825/992/813 826/994/813 851/995/813
f 851/995/814 826/994/814 827/996/814 852/997/814
f 852/997/815 827/996/815 828/998/815 853/999/815
f 853/999/816 828/998/816 829/1000/816 854/1001/816
f 854/1001/817 829/1000/817 830/1002/817 855/1003/817
f 855/1003/818 830/1002/818 831/1004/818 856/1005/818
f 856/1005/819 831/1004/819 832/1006/819 857/1007/819
f 857/1007/820 832/1006/820 809/957/820 833/956/820
f 933/1008/821 909/1009/821 908/1010/821 934/1011/821
f 934/1011/822 908/1010/822 910/1012/822 935/1013/822
f 935/1013/823 910/1012/823 911/1014/823 936/1015/823
f 936/1015/824 911/1014/824 912/1016/824 937/1017/824
f 937/1017/825 912/1016/825 913/1018/825 938/1019/825
f 938/1019/826 913/1018/826 914/1020/826 939/1021/826
f 939/1021/827 914/1020/827 915/1022/827 940/1023/827
f 940/1023/828 915/1022/828 916/1024/828 941/1025/828
f 941/1025/829 916/1024/829 917/1026/829 942/1027/829
f 942/1027/830 917/1026/830 918/1028/830 943/1029/830
f 943/1029/831 918/1028/831 919/1030/831 944/1031/831
f 944/1031/832 919/1030/832 920/1032/832 945/1033/832
f 945/1034/833 920/1035/833 921/1036/833 946/1037/833
f 946/1037/834 921/1036/834 922/1038/834 947/1039/834
f 947/1039/835 922/1038/835 923/1040/835 948/1041/835
f 948/1041/836 923/1040/836 924/1042/836 949/1043/836
f 949/1043/837 924/1042/837 925/1044/837 950/1045/837
f 950/1045/838 925/1044/838 926/1046/838 951/1047/838
f 951/1047/839 926/1046/839 927/1048/839 952/1049/839
f 952/1049/840 927/1048/840 928/1050/840 953/1051/840
f 953/1051/841 928/1050/841 929/1052/841 954/1053/841
f 954/1053/842 929/1052/842 930/1054/842 955/1055/842
f 955/1055/843 930/1054/843 931/1056/843 956/1057/843
f 956/1057/844 931/1056/844 932/1058/844 957/1059/844
f 957/1059/845 932/1058/845 909/1009/845 933/1008/845
f 983/1060/846 959/1061/846 958/1062/846 984/1063/846
f 984/1063/847 958/1062/847 960/1064/847 985/1065/847
f 985/1065/848 960/1064/848 961/1066/848 986/1067/848
f 986/1067/849 961/1066/849 962/1068/849 987/1069/849
f 987/1069/850 962/1068/850 963/1070/850 988/1071/850
f 988/1071/851 963/1070/851 964/1072/851 989/1073/851
f 989/1073/852 964/1072/852 965/1074/852 990/1075/852
f 990/1075/853 965/1074/853 966/1076/853 991/1077/853
f 991/1077/854 966/1076/854 967/1078/854 992/1079/854
f 992/1079/855 967/1078/855 968/1080/855 993/1081/855
f 993/1081/856 968/1080/856 969/1082/856 994/1083/856
f 994/1083/857 969/1082/857 970/1084/857 995/1085/857
f 995/1085/858 970/1084/858 971/1086/858 996/1087/858
f 996/1087/859 971/1086/859 972/1088/859 997/1089/859
f 997/1090/860 972/1091/860 973/1092/860 998/1093/860
f 998/1093/861 973/1092/861 974/1094/861 999/1095/861
f 999/1095/862 974/1094/862 975/1096/862 1000/1097/862
f 1000/1097/863 975/1096/863 976/1098/863 1001/1099/863
f 1001/1099/864 976/1098/864 977/1100/864 1002/1101/864
f 1002/1101/865 977/1100/865 978/1102/865 1003/1103/865
f 1003/1103/866 978/1102/866 979/1104/866 1004/1105/866
f 1004/1105/867 979/1104/867 980/1106/867 1005/1107/867
f 1005/1107/868 980/1106/868 981/1108/868 1006/1109/868
f 1006/1109/869 981/1108/869 982/1110/869 1007/1111/869
f 1007/1111/870 982/1110/870 959/1061/870 983/1060/870
f 747/1112/871 758/1113/871 759/1114/871
f 747/1112/871 760/1115/871 758/1113/871
f 747/1112/871 761/1116/871 760/1115/871
f 747/1112/871 762/1117/871 761/1116/871
f 747/1112/871 763/1118/871 762/1117/871
f 747/1112/871 764/1119/871 763/1118/871
f 747/1112/871 765/1120/871 764/1119/871
f 747/1112/871 766/1121/871 765/1120/871
f 747/1112/871 767/1122/871 766/1121/871
f 747/1112/871 768/1123/871 767/1122/871
f 747/1112/871 769/1124/871 768/1123/871
f 747/1112/871 770/1125/871 769/1124/871
f 747/1112/871 771/1126/871 770/1125/871
f 747/1112/871 772/1127/871 771/1126/871
f 747/1112/871 773/1128/871 772/1127/871
f 747/1112/871 774/1129/871 773/1128/871
f 747/1112/871 775/1130/871 774/1129/871
f 747/1112/871 776/1131/871 775/1130/871
f 747/1112/871 777/1132/871 776/1131/871
f 747/1112/871 778/1133/871 777/1132/871
f 747/1112/871 779/1134/871 778/1133/871
f 747/1112/871 780/1135/871 779/1134/871
f 747/1112/871 781/1136/871 780/1135/871
f 747/1112/871 782/1137/871 781/1136/871
f 747/1112/871 759/1114/871 782/1137/871
f 746/1138/872 783/1139/872 784/1140/872
f 746/1138/872 784/1140/872 785/1141/872
f 746/1138/872 785/1141/872 786/1142/872
f 746/1138/872 786/1142/872 787/1143/872
f 746/1138/872 787/1143/872 788/1144/872
f 746/1138/872 788/1144/872 789/1145/872
f 746/1138/872 789/1145/872 790/1146/872
f 746/1138/872 790/1146/872 791/1147/872
f 746/1138/872 791/1147/872 792/1148/872
f 746/1138/872 792/1148/872 793/1149/872
f 746/1138/872 793/1149/872 794/1150/872
f 746/1138/872 794/1150/872 795/1151/872
f 746/1138/872 795/1151/872 796/1152/872
f 746/1138/872 796/1152/872 797/1153/872
f 746/1138/872 797/1153/872 798/1154/872
f 746/1138/872 798/1154/872 799/1155/872
f 746/1138/872 799/1155/872 800/1156/872
f 746/1138/872 800/1156/872 801/1157/872
f 746/1138/872 801/1157/872 802/1158/872
f 746/1138/872 802/1158/872 803/1159/872
f 746/1138/872 803/1159/872 804/1160/872
f 746/1138/872 804/1160/872 805/1161/872
f 746/1138/872 805/1161/872 806/1162/872
f 746/1138/872 806/1162/872 807/1163/872
f 746/1138/872 807/1163/872 783/1139/872
f 753/1164/873 808/1165/873 809/1166/873
f 753/1164/873 810/1167/873 808/1165/873
f 753/1164/874 811/1168/874 810/1167/874
f 753/1164/875 812/1169/875 811/1168/875
f 753/1164/876 813/1170/876 812/1169/876
f 753/1164/875 814/1171/875 813/1170/875
f 753/1164/873 815/1172/873 814/1171/873
f 753/1164/875 816/1173/875 815/1172/875
f 753/1164/873 817/1174/873 816/1173/873
f 753/1164/873 818/1175/873 817/1174/873
f 753/1164/877 819/1176/877 818/1175/877
f 753/1164/873 820/1177/873 819/1176/873
f 753/1164/875 821/1178/875 820/1177/875
f 753/1164/873 822/1179/873 821/1178/873
f 753/1164/877 823/1180/877 822/1179/877
f 753/1164/877 824/1181/877 823/1180/877
f 753/1164/875 825/1182/875 824/1181/875
f 753/1164/873 826/1183/873 825/1182/873
f 753/1164/877 827/1184/877 826/1183/877
f 753/1164/877 828/1185/877 827/1184/877
f 753/1164/876 829/1186/876 828/1185/876
f 753/1164/877 830/1187/877 829/1186/877
f 753/1164/875 831/1188/875 830/1187/875
f 753/1164/873 832/1189/873 831/1188/873
f 753/1164/875 809/1166/875 832/1189/875
f 752/1190/878 833/1191/878 834/1192/878
f 752/1190/879 834/1192/879 835/1193/879
f 752/1190/878 835/1193/878 836/1194/878
f 752/1190/879 836/1194/879 837/1195/879
f 752/1190/878 837/1195/878 838/1196/878
f 752/1190/880 838/1196/880 839/1197/880
f 752/1190/881 839/1197/881 840/1198/881
f 752/1190/880 840/1198/880 841/1199/880
f 752/1190/881 841/1199/881 842/1200/881
f 752/1190/878 842/1200/878 843/1201/878
f 752/1190/879 843/1201/879 844/1202/879
f 752/1190/882 844/1202/882 845/1203/882
f 752/1190/879 845/1203/879 846/1204/879
f 752/1190/880 846/1204/880 847/1205/880
f 752/1190/878 847/1205/878 848/1206/878
f 752/1190/880 848/1206/880 849/1207/880
f 752/1190/880 849/1207/880 850/1208/880
f 752/1190/882 850/1208/882 851/1209/882
f 752/1190/878 851/1209/878 852/1210/878
f 752/1190/880 852/1210/880 853/1211/880
f 752/1190/882 853/1211/882 854/1212/882
f 752/1190/879 854/1212/879 855/1213/879
f 752/1190/880 855/1213/880 856/1214/880
f 752/1190/880 856/1214/880 857/1215/880
f 752/1190/879 857/1215/879 833/1191/879
f 748/1216/883 858/1217/883 859/1218/883
f 748/1216/884 859/1218/884 860/1219/884
f 748/1216/883 860/1219/883 861/1220/883
f 748/1216/885 861/1220/885 862/1221/885
f 748/1216/883 862/1221/883 863/1222/883
f 748/1216/886 863/1222/886 864/1223/886
f 748/1216/883 864/1223/883 865/1224/883
f 748/1216/884 865/1224/884 866/1225/884
f 748/1216/883 866/1225/883 867/1226/883
f 748/1216/884 867/1226/884 868/1227/884
f 748/1216/883 868/1227/883 869/1228/883
f 748/1216/883 869/1228/883 870/1229/883
f 748/1216/884 870/1229/884 871/1230/884
f 748/1216/883 871/1230/883 872/1231/883
f 748/1216/883 872/1231/883 873/1232/883
f 748/1216/883 873/1232/883 874/1233/883
f 748/1216/883 874/1233/883 875/1234/883
f 748/1216/884 875/1234/884 876/1235/884
f 748/1216/884 876/1235/884 877/1236/884
f 748/1216/883 877/1236/883 878/1237/883
f 748/1216/883 878/1237/883 879/1238/883
f 748/1216/884 879/1238/884 880/1239/884
f 748/1216/883 880/1239/883 881/1240/883
f 748/1216/884 881/1240/884 882/1241/884
f 748/1216/883 882/1241/883 858/1217/883
f 749/1242/887 883/1243/887 884/1244/887
f 749/1242/888 885/1245/888 883/1243/888
f 749/1242/887 886/1246/887 885/1245/887
f 749/1242/888 887/1247/888 886/1246/888
f 749/1242/887 888/1248/887 887/1247/887
f 749/1242/889 889/1249/889 888/1248/889
f 749/1242/890 890/1250/890 889/1249/890
f 749/1242/887 891/1251/887 890/1250/887
f 749/1242/887 892/1252/887 891/1251/887
f 749/1242/888 893/1253/888 892/1252/888
f 749/1242/887 894/1254/887 893/1253/887
f 749/1242/887 895/1255/887 894/1254/887
f 749/1242/888 896/1256/888 895/1255/888
f 749/1242/887 897/1257/887 896/1256/887
f 749/1242/887 898/1258/887 897/1257/887
f 749/1242/888 899/1259/888 898/1258/888
f 749/1242/887 900/1260/887 899/1259/887
f 749/1242/888 901/1261/888 900/1260/888
f 749/1242/887 902/1262/887 901/1261/887
f 749/1242/888 903/1263/888 902/1262/888
f 749/1242/887 904/1264/887 903/1263/887
f 749/1242/888 905/1265/888 904/1264/888
f 749/1242/887 906/1266/887 905/1265/887
f 749/1242/888 907/1267/888 906/1266/888
f 749/1242/887 884/1244/887 907/1267/887
f 755/1268/891 908/1269/891 909/1270/891
f 755/1268/892 910/1271/892 908/1269/892
f 755/1268/891 911/1272/891 910/1271/891
f 755/1268/891 912/1273/891 911/1272/891
f 755/1268/893 913/1274/893 912/1273/893
f 755/1268/894 914/1275/894 913/1274/894
f 755/1268/891 915/1276/891 914/1275/891
f 755/1268/894 916/1277/894 915/1276/894
f 755/1268/891 917/1278/891 916/1277/891
f 755/1268/891 918/1279/891 917/1278/891
f 755/1268/891 919/1280/891 918/1279/891
f 755/1268/891 920/1281/891 919/1280/891
f 755/1268/892 921/1282/892 920/1281/892
f 755/1268/891 922/1283/891 921/1282/891
f 755/1268/891 923/1284/891 922/1283/891
f 755/1268/891 924/1285/891 923/1284/891
f 755/1268/891 925/1286/891 924/1285/891
f 755/1268/891 926/1287/891 925/1286/891
f 755/1268/891 927/1288/891 926/1287/891
f 755/1268/891 928/1289/891 927/1288/891
f 755/1268/894 929/1290/894 928/1289/894
f 755/1268/891 930/1291/891 929/1290/891
f 755/1268/891 931/1292/891 930/1291/891
f 755/1268/891 932/1293/891 931/1292/891
f 755/1268/891 909/1270/891 932/1293/891
f 754/1294/895 933/1295/895 934/1296/895
f 754/1294/895 934/1296/895 935/1297/895
f 754/1294/896 935/1297/896 936/1298/896
f 754/1294/897 936/1298/897 937/1299/897
f 754/1294/898 937/1299/898 938/1300/898
f 754/1294/895 938/1300/895 939/1301/895
f 754/1294/895 939/1301/895 940/1302/895
f 754/1294/899 940/1302/899 941/1303/899
f 754/1294/898 941/1303/898 942/1304/898
f 754/1294/899 942/1304/899 943/1305/899
f 754/1294/900 943/1305/900 944/1306/900
f 754/1294/895 944/1306/895 945/1307/895
f 754/1294/895 945/1307/895 946/1308/895
f 754/1294/895 946/1308/895 947/1309/895
f 754/1294/895 947/1309/895 948/1310/895
f 754/1294/898 948/1310/898 949/1311/898
f 754/1294/895 949/1311/895 950/1312/895
f 754/1294/899 950/1312/899 951/1313/899
f 754/1294/898 951/1313/898 952/1314/898
f 754/1294/895 952/1314/895 953/1315/895
f 754/1294/895 953/1315/895 954/1316/895
f 754/1294/895 954/1316/895 955/1317/895
f 754/1294/895 955/1317/895 956/1318/895
f 754/1294/895 956/1318/895 957/1319/895
f 754/1294/895 957/1319/895 933/1295/895
f 757/1320/901 958/1321/901 959/1322/901
f 757/1320/902 960/1323/902 958/1321/902
f 757/1320/901 961/1324/901 960/1323/901
f 757/1320/901 962/1325/901 961/1324/901
f 757/1320/902 963/1326/902 962/1325/902
f 757/1320/901 964/1327/901 963/1326/901
f 757/1320/902 965/1328/902 964/1327/902
f 757/1320/902 966/1329/902 965/1328/902
f 757/1320/901 967/1330/901 966/1329/901
f 757/1320/902 968/1331/902 967/1330/902
f 757/1320/902 969/1332/902 968/1331/902
f 757/1320/901 970/1333/901 969/1332/901
f 757/1320/902 971/1334/902 970/1333/902
f 757/1320/902 972/1335/902 971/1334/902
f 757/1320/902 973/1336/902 972/1335/902
f 757/1320/901 974/1337/901 973/1336/901
f 757/1320/902 975/1338/902 974/1337/902
f 757/1320/902 976/1339/902 975/1338/902
f 757/1320/901 977/1340/901 976/1339/901
f 757/1320/902 978/1341/902 977/1340/902
f 757/1320/901 979/1342/901 978/1341/901
f 757/1320/902 980/1343/902 979/1342/902
f 757/1320/901 981/1344/901 980/1343/901
f 757/1320/902 982/1345/902 981/1344/902
f 757/1320/902 959/1322/902 982/1345/902
f 756/1346/903 983/1347/903 984/1348/903
f 756/1346/904 984/1348/904 985/1349/904
f 756/1346/903 985/1349/903 986/1350/903
f 756/1346/904 986/1350/904 987/1351/904
f 756/1346/903 987/1351/903 988/1352/903
f 756/1346/904 988/1352/904 989/1353/904
f 756/1346/903 989/1353/903 990/1354/903
f 756/1346/904 990/1354/904 991/1355/904
f 756/1346/904 991/1355/904 992/1356/904
f 756/1346/903 992/1356/903 993/1357/903
f 756/1346/904 993/1357/904 994/1358/904
f 756/1346/903 994/1358/903 995/1359/903
f 756/1346/904 995/1359/904 996/1360/904
f 756/1346/904 996/1360/904 997/1361/904
f 756/1346/903 997/1361/903 998/1362/903
f 756/1346/904 998/1362/904 999/1363/904
f 756/1346/903 999/1363/903 1000/1364/903
f 756/1346/903 1000/1364/903 1001/1365/903
f 756/1346/904 1001/1365/904 1002/1366/904
f 756/1346/904 1002/1366/904 1003/1367/904
f 756/1346/903 1003/1367/903 1004/1368/903
f 756/1346/903 1004/1368/903 1005/1369/903
f 756/1346/903 1005/1369/903 1006/1370/903
f 756/1346/904 1006/1370/904 1007/1371/904
f 756/1346/904 1007/1371/904 983/1347/904
f 751/1372/905 1008/1373/905 1009/1374/905
f 751/1372/906 1010/1375/906 1008/1373/906
f 751/1372/906 1011/1376/906 1010/1375/906
f 751/1372/905 1012/1377/905 1011/1376/905
f 751/1372/906 1013/1378/906 1012/1377/906
f 751/1372/905 1014/1379/905 1013/1378/905
f 751/1372/906 1015/1380/906 1014/1379/906
f 751/1372/905 1016/1381/905 1015/1380/905
f 751/1372/906 1017/1382/906 1016/1381/906
f 751/1372/905 1018/1383/905 1017/1382/905
f 751/1372/906 1019/1384/906 1018/1383/906
f 751/1372/905 1020/1385/905 1019/1384/905
f 751/1372/905 1021/1386/905 1020/1385/905
f 751/1372/906 1022/1387/906 1021/1386/906
f 751/1372/905 1023/1388/905 1022/1387/905
f 751/1372/906 1024/1389/906 1023/1388/906
f 751/1372/905 1025/1390/905 1024/1389/905
f 751/1372/905 1026/1391/905 1025/1390/905
f 751/1372/906 1027/1392/906 1026/1391/906
f 751/1372/905 1028/1393/905 1027/1392/905
f 751/1372/906 1029/1394/906 1028/1393/906
f 751/1372/905 1030/1395/905 1029/1394/905
f 751/1372/906 1031/1396/906 1030/1395/906
f 751/1372/905 1032/1397/905 1031/1396/905
f 751/1372/906 1009/1374/906 1032/1397/906
f 750/1398/907 1033/1399/907 1034/1400/907
f 750/1398/907 1034/1400/907 1035/1401/907
f 750/1398/907 1035/1401/907 1036/1402/907
f 750/1398/907 1036/1402/907 1037/1403/907
f 750/1398/908 1037/1403/908 1038/1404/908
f 750/1398/907 1038/1404/907 1039/1405/907
f 750/1398/907 1039/1405/907 1040/1406/907
f 750/1398/908 1040/1406/908 1041/1407/908
f 750/1398/908 1041/1407/908 1042/1408/908
f 750/1398/907 1042/1408/907 1043/1409/907
f 750/1398/908 1043/1409/908 1044/1410/908
f 750/1398/908 1044/1410/908 1045/1411/908
f 750/1398/907 1045/1411/907 1046/1412/907
f 750/1398/907 1046/1412/907 1047/1413/907
f 750/1398/907 1047/1413/907 1048/1414/907
f 750/1398/908 1048/1414/908 1049/1415/908
f 750/1398/907 1049/1415/907 1050/1416/907
f 750/1398/907 1050/1416/907 1051/1417/907
f 750/1398/908 1051/1417/908 1052/1418/908
f 750/1398/907 1052/1418/907 1053/1419/907
f 750/1398/908 1053/1419/908 1054/1420/908
f 750/1398/907 1054/1420/907 1055/1421/907
f 750/1398/908 1055/1421/908 1056/1422/908
f 750/1398/907 1056/1422/907 1057/1423/907
f 750/1398/908 1057/1423/908 1033/1399/908
